{
"type": "FeatureCollection",
"name": "existing_hospitals",
"crs": { "type": "name", "properties": { "name": "urn:ogc:def:crs:OGC:1.3:CRS84" } },
"features": [
{ "type": "Feature", "properties": { "element": "node", "id": 349267517 }, "geometry": { "type": "Point", "coordinates": [ 78.3916647, 17.4406857 ] } },
{ "type": "Feature", "properties": { "element": "node", "id": 349270023 }, "geometry": { "type": "Point", "coordinates": [ 78.3860746, 17.4444337 ] } },
{ "type": "Feature", "properties": { "element": "node", "id": 513439512 }, "geometry": { "type": "Point", "coordinates": [ 78.4478775, 17.4417142 ] } },
{ "type": "Feature", "properties": { "element": "node", "id": 513439517 }, "geometry": { "type": "Point", "coordinates": [ 78.4480341, 17.4422795 ] } },
{ "type": "Feature", "properties": { "element": "node", "id": 538425761 }, "geometry": { "type": "Point", "coordinates": [ 78.4461255, 17.4415414 ] } },
{ "type": "Feature", "properties": { "element": "node", "id": 626897112 }, "geometry": { "type": "Point", "coordinates": [ 78.4859878, 17.3672265 ] } },
{ "type": "Feature", "properties": { "element": "node", "id": 634123949 }, "geometry": { "type": "Point", "coordinates": [ 78.512174, 17.407574 ] } },
{ "type": "Feature", "properties": { "element": "node", "id": 635590614 }, "geometry": { "type": "Point", "coordinates": [ 78.5143831, 17.4101591 ] } },
{ "type": "Feature", "properties": { "element": "node", "id": 665132280 }, "geometry": { "type": "Point", "coordinates": [ 78.533452, 17.4293162 ] } },
{ "type": "Feature", "properties": { "element": "node", "id": 665132281 }, "geometry": { "type": "Point", "coordinates": [ 78.5333362, 17.4290954 ] } },
{ "type": "Feature", "properties": { "element": "node", "id": 726165655 }, "geometry": { "type": "Point", "coordinates": [ 78.464502300000021, 17.40681 ] } },
{ "type": "Feature", "properties": { "element": "node", "id": 726240837 }, "geometry": { "type": "Point", "coordinates": [ 78.4570626, 17.4036641 ] } },
{ "type": "Feature", "properties": { "element": "node", "id": 727283253 }, "geometry": { "type": "Point", "coordinates": [ 78.4814113, 17.3985586 ] } },
{ "type": "Feature", "properties": { "element": "node", "id": 728848279 }, "geometry": { "type": "Point", "coordinates": [ 78.4625295, 17.4021334 ] } },
{ "type": "Feature", "properties": { "element": "node", "id": 827576106 }, "geometry": { "type": "Point", "coordinates": [ 78.3937323, 17.4301742 ] } },
{ "type": "Feature", "properties": { "element": "node", "id": 893195080 }, "geometry": { "type": "Point", "coordinates": [ 78.4447966, 17.3990359 ] } },
{ "type": "Feature", "properties": { "element": "node", "id": 894082495 }, "geometry": { "type": "Point", "coordinates": [ 78.4454609, 17.4156911 ] } },
{ "type": "Feature", "properties": { "element": "node", "id": 894082503 }, "geometry": { "type": "Point", "coordinates": [ 78.4475692, 17.4148145 ] } },
{ "type": "Feature", "properties": { "element": "node", "id": 898965110 }, "geometry": { "type": "Point", "coordinates": [ 78.4793651, 17.3921498 ] } },
{ "type": "Feature", "properties": { "element": "node", "id": 902311398 }, "geometry": { "type": "Point", "coordinates": [ 78.4984034, 17.4556983 ] } },
{ "type": "Feature", "properties": { "element": "node", "id": 1050786520 }, "geometry": { "type": "Point", "coordinates": [ 78.4778376, 17.4693193 ] } },
{ "type": "Feature", "properties": { "element": "node", "id": 1050823743 }, "geometry": { "type": "Point", "coordinates": [ 78.4922542, 17.4622983 ] } },
{ "type": "Feature", "properties": { "element": "node", "id": 1050844412 }, "geometry": { "type": "Point", "coordinates": [ 78.4567398, 17.4636217 ] } },
{ "type": "Feature", "properties": { "element": "node", "id": 1215214084 }, "geometry": { "type": "Point", "coordinates": [ 78.3673949, 17.4629614 ] } },
{ "type": "Feature", "properties": { "element": "node", "id": 1224523179 }, "geometry": { "type": "Point", "coordinates": [ 78.364084, 17.4535178 ] } },
{ "type": "Feature", "properties": { "element": "node", "id": 1435322433 }, "geometry": { "type": "Point", "coordinates": [ 78.5354859, 17.4512881 ] } },
{ "type": "Feature", "properties": { "element": "node", "id": 1435322444 }, "geometry": { "type": "Point", "coordinates": [ 78.533498400000013, 17.4509925 ] } },
{ "type": "Feature", "properties": { "element": "node", "id": 1435322445 }, "geometry": { "type": "Point", "coordinates": [ 78.5352525, 17.4513853 ] } },
{ "type": "Feature", "properties": { "element": "node", "id": 1438252866 }, "geometry": { "type": "Point", "coordinates": [ 78.5311968, 17.451435 ] } },
{ "type": "Feature", "properties": { "element": "node", "id": 1504756065 }, "geometry": { "type": "Point", "coordinates": [ 78.5301893, 17.3688309 ] } },
{ "type": "Feature", "properties": { "element": "node", "id": 1553576934 }, "geometry": { "type": "Point", "coordinates": [ 78.4792005, 17.3993955 ] } },
{ "type": "Feature", "properties": { "element": "node", "id": 1598149460 }, "geometry": { "type": "Point", "coordinates": [ 78.5387483, 17.3684777 ] } },
{ "type": "Feature", "properties": { "element": "node", "id": 1702266641 }, "geometry": { "type": "Point", "coordinates": [ 78.3660584, 17.4696017 ] } },
{ "type": "Feature", "properties": { "element": "node", "id": 1883475928 }, "geometry": { "type": "Point", "coordinates": [ 78.4481619, 17.4206569 ] } },
{ "type": "Feature", "properties": { "element": "node", "id": 1985544651 }, "geometry": { "type": "Point", "coordinates": [ 78.3903262, 17.4856038 ] } },
{ "type": "Feature", "properties": { "element": "node", "id": 2052640886 }, "geometry": { "type": "Point", "coordinates": [ 78.4602059, 17.4217792 ] } },
{ "type": "Feature", "properties": { "element": "node", "id": 2192962541 }, "geometry": { "type": "Point", "coordinates": [ 78.4738814, 17.4064283 ] } },
{ "type": "Feature", "properties": { "element": "node", "id": 2208162453 }, "geometry": { "type": "Point", "coordinates": [ 78.4567382, 17.4291646 ] } },
{ "type": "Feature", "properties": { "element": "node", "id": 2217950153 }, "geometry": { "type": "Point", "coordinates": [ 78.5450683, 17.3594287 ] } },
{ "type": "Feature", "properties": { "element": "node", "id": 2352095456 }, "geometry": { "type": "Point", "coordinates": [ 78.4566557, 17.4211366 ] } },
{ "type": "Feature", "properties": { "element": "node", "id": 2354679489 }, "geometry": { "type": "Point", "coordinates": [ 78.3922011, 17.4068493 ] } },
{ "type": "Feature", "properties": { "element": "node", "id": 2428125212 }, "geometry": { "type": "Point", "coordinates": [ 78.3911608, 17.4979039 ] } },
{ "type": "Feature", "properties": { "element": "node", "id": 2429955121 }, "geometry": { "type": "Point", "coordinates": [ 78.4998723, 17.3746556 ] } },
{ "type": "Feature", "properties": { "element": "node", "id": 2583708951 }, "geometry": { "type": "Point", "coordinates": [ 78.5306786, 17.4255371 ] } },
{ "type": "Feature", "properties": { "element": "node", "id": 2607590422 }, "geometry": { "type": "Point", "coordinates": [ 78.457264, 17.4184365 ] } },
{ "type": "Feature", "properties": { "element": "node", "id": 2632328586 }, "geometry": { "type": "Point", "coordinates": [ 78.3959947, 17.4888555 ] } },
{ "type": "Feature", "properties": { "element": "node", "id": 2708233533 }, "geometry": { "type": "Point", "coordinates": [ 78.5123189, 17.3977165 ] } },
{ "type": "Feature", "properties": { "element": "node", "id": 2710949939 }, "geometry": { "type": "Point", "coordinates": [ 78.4753627, 17.4036074 ] } },
{ "type": "Feature", "properties": { "element": "node", "id": 2712623077 }, "geometry": { "type": "Point", "coordinates": [ 78.4894972, 17.4089088 ] } },
{ "type": "Feature", "properties": { "element": "node", "id": 2712662990 }, "geometry": { "type": "Point", "coordinates": [ 78.4888572, 17.4118751 ] } },
{ "type": "Feature", "properties": { "element": "node", "id": 2715310633 }, "geometry": { "type": "Point", "coordinates": [ 78.48164220000001, 17.4073049 ] } },
{ "type": "Feature", "properties": { "element": "node", "id": 2715310996 }, "geometry": { "type": "Point", "coordinates": [ 78.4821099, 17.40696 ] } },
{ "type": "Feature", "properties": { "element": "node", "id": 2779844594 }, "geometry": { "type": "Point", "coordinates": [ 78.4852768, 17.4103854 ] } },
{ "type": "Feature", "properties": { "element": "node", "id": 2835226156 }, "geometry": { "type": "Point", "coordinates": [ 78.4208721, 17.4511937 ] } },
{ "type": "Feature", "properties": { "element": "node", "id": 2835658220 }, "geometry": { "type": "Point", "coordinates": [ 78.4224934, 17.4510973 ] } },
{ "type": "Feature", "properties": { "element": "node", "id": 2835659213 }, "geometry": { "type": "Point", "coordinates": [ 78.4337319, 17.4480669 ] } },
{ "type": "Feature", "properties": { "element": "node", "id": 3159027236 }, "geometry": { "type": "Point", "coordinates": [ 78.4420946, 17.4388238 ] } },
{ "type": "Feature", "properties": { "element": "node", "id": 3159027238 }, "geometry": { "type": "Point", "coordinates": [ 78.442564600000011, 17.4385124 ] } },
{ "type": "Feature", "properties": { "element": "node", "id": 3166260336 }, "geometry": { "type": "Point", "coordinates": [ 78.4406383, 17.4390074 ] } },
{ "type": "Feature", "properties": { "element": "node", "id": 3200948738 }, "geometry": { "type": "Point", "coordinates": [ 78.549763, 17.345698 ] } },
{ "type": "Feature", "properties": { "element": "node", "id": 3200948976 }, "geometry": { "type": "Point", "coordinates": [ 78.5372101, 17.3348812 ] } },
{ "type": "Feature", "properties": { "element": "node", "id": 3207060834 }, "geometry": { "type": "Point", "coordinates": [ 78.3901045, 17.4976626 ] } },
{ "type": "Feature", "properties": { "element": "node", "id": 3384202807 }, "geometry": { "type": "Point", "coordinates": [ 78.3786107, 17.4668555 ] } },
{ "type": "Feature", "properties": { "element": "node", "id": 3384203436 }, "geometry": { "type": "Point", "coordinates": [ 78.5542584, 17.3526774 ] } },
{ "type": "Feature", "properties": { "element": "node", "id": 3388783469 }, "geometry": { "type": "Point", "coordinates": [ 78.5363894, 17.4815671 ] } },
{ "type": "Feature", "properties": { "element": "node", "id": 3388924697 }, "geometry": { "type": "Point", "coordinates": [ 78.4140886, 17.4884992 ] } },
{ "type": "Feature", "properties": { "element": "node", "id": 3390837564 }, "geometry": { "type": "Point", "coordinates": [ 78.5104248, 17.3940456 ] } },
{ "type": "Feature", "properties": { "element": "node", "id": 3390967828 }, "geometry": { "type": "Point", "coordinates": [ 78.4469461, 17.5113399 ] } },
{ "type": "Feature", "properties": { "element": "node", "id": 3391103941 }, "geometry": { "type": "Point", "coordinates": [ 78.4431753, 17.5220823 ] } },
{ "type": "Feature", "properties": { "element": "node", "id": 3506878894 }, "geometry": { "type": "Point", "coordinates": [ 78.5218514, 17.44165 ] } },
{ "type": "Feature", "properties": { "element": "node", "id": 3523097904 }, "geometry": { "type": "Point", "coordinates": [ 78.5632365, 17.3999126 ] } },
{ "type": "Feature", "properties": { "element": "node", "id": 3533084115 }, "geometry": { "type": "Point", "coordinates": [ 78.512070300000019, 17.4289946 ] } },
{ "type": "Feature", "properties": { "element": "node", "id": 3534837998 }, "geometry": { "type": "Point", "coordinates": [ 78.4333819, 17.5439866 ] } },
{ "type": "Feature", "properties": { "element": "node", "id": 3541446144 }, "geometry": { "type": "Point", "coordinates": [ 78.3916108, 17.4160221 ] } },
{ "type": "Feature", "properties": { "element": "node", "id": 3598267888 }, "geometry": { "type": "Point", "coordinates": [ 78.4904751, 17.4631717 ] } },
{ "type": "Feature", "properties": { "element": "node", "id": 3619348034 }, "geometry": { "type": "Point", "coordinates": [ 78.3660837, 17.4599321 ] } },
{ "type": "Feature", "properties": { "element": "node", "id": 3628968549 }, "geometry": { "type": "Point", "coordinates": [ 78.5522256, 17.4111108 ] } },
{ "type": "Feature", "properties": { "element": "node", "id": 3640604684 }, "geometry": { "type": "Point", "coordinates": [ 78.438899300000017, 17.516119 ] } },
{ "type": "Feature", "properties": { "element": "node", "id": 3847458511 }, "geometry": { "type": "Point", "coordinates": [ 78.470823, 17.4439245 ] } },
{ "type": "Feature", "properties": { "element": "node", "id": 3943900977 }, "geometry": { "type": "Point", "coordinates": [ 78.448595, 17.398766 ] } },
{ "type": "Feature", "properties": { "element": "node", "id": 3943909643 }, "geometry": { "type": "Point", "coordinates": [ 78.4458137, 17.3985187 ] } },
{ "type": "Feature", "properties": { "element": "node", "id": 4187300504 }, "geometry": { "type": "Point", "coordinates": [ 78.5048737, 17.4395483 ] } },
{ "type": "Feature", "properties": { "element": "node", "id": 4366549489 }, "geometry": { "type": "Point", "coordinates": [ 78.521976, 17.4377225 ] } },
{ "type": "Feature", "properties": { "element": "node", "id": 4413453793 }, "geometry": { "type": "Point", "coordinates": [ 78.4161649, 17.3983822 ] } },
{ "type": "Feature", "properties": { "element": "node", "id": 4416373792 }, "geometry": { "type": "Point", "coordinates": [ 78.4904614, 17.4115391 ] } },
{ "type": "Feature", "properties": { "element": "node", "id": 4417145293 }, "geometry": { "type": "Point", "coordinates": [ 78.4893402, 17.4045834 ] } },
{ "type": "Feature", "properties": { "element": "node", "id": 4419091498 }, "geometry": { "type": "Point", "coordinates": [ 78.4442572, 17.4072675 ] } },
{ "type": "Feature", "properties": { "element": "node", "id": 4422090693 }, "geometry": { "type": "Point", "coordinates": [ 78.4896361, 17.4067264 ] } },
{ "type": "Feature", "properties": { "element": "node", "id": 4422254585 }, "geometry": { "type": "Point", "coordinates": [ 78.4139937, 17.4249205 ] } },
{ "type": "Feature", "properties": { "element": "node", "id": 4431246690 }, "geometry": { "type": "Point", "coordinates": [ 78.4893121, 17.4044822 ] } },
{ "type": "Feature", "properties": { "element": "node", "id": 4432327792 }, "geometry": { "type": "Point", "coordinates": [ 78.4896048, 17.4067271 ] } },
{ "type": "Feature", "properties": { "element": "node", "id": 4432377490 }, "geometry": { "type": "Point", "coordinates": [ 78.4447338, 17.4072495 ] } },
{ "type": "Feature", "properties": { "element": "node", "id": 4436525395 }, "geometry": { "type": "Point", "coordinates": [ 78.4875706, 17.4009037 ] } },
{ "type": "Feature", "properties": { "element": "node", "id": 4451580789 }, "geometry": { "type": "Point", "coordinates": [ 78.4488484, 17.4269993 ] } },
{ "type": "Feature", "properties": { "element": "node", "id": 4470095721 }, "geometry": { "type": "Point", "coordinates": [ 78.3838224, 17.4188516 ] } },
{ "type": "Feature", "properties": { "element": "node", "id": 4482541490 }, "geometry": { "type": "Point", "coordinates": [ 78.4534763, 17.4166539 ] } },
{ "type": "Feature", "properties": { "element": "node", "id": 4486660717 }, "geometry": { "type": "Point", "coordinates": [ 78.450794, 17.4396192 ] } },
{ "type": "Feature", "properties": { "element": "node", "id": 4508450990 }, "geometry": { "type": "Point", "coordinates": [ 78.4902875, 17.4088082 ] } },
{ "type": "Feature", "properties": { "element": "node", "id": 4517094891 }, "geometry": { "type": "Point", "coordinates": [ 78.5537805, 17.3451071 ] } },
{ "type": "Feature", "properties": { "element": "node", "id": 4576289992 }, "geometry": { "type": "Point", "coordinates": [ 78.5581563, 17.3412305 ] } },
{ "type": "Feature", "properties": { "element": "node", "id": 4576325189 }, "geometry": { "type": "Point", "coordinates": [ 78.5576405, 17.3416722 ] } },
{ "type": "Feature", "properties": { "element": "node", "id": 4589173089 }, "geometry": { "type": "Point", "coordinates": [ 78.546838, 17.4306786 ] } },
{ "type": "Feature", "properties": { "element": "node", "id": 4614311358 }, "geometry": { "type": "Point", "coordinates": [ 78.469498, 17.4444782 ] } },
{ "type": "Feature", "properties": { "element": "node", "id": 4614442637 }, "geometry": { "type": "Point", "coordinates": [ 78.4841159, 17.4398266 ] } },
{ "type": "Feature", "properties": { "element": "node", "id": 4625163789 }, "geometry": { "type": "Point", "coordinates": [ 78.5588085, 17.3418162 ] } },
{ "type": "Feature", "properties": { "element": "node", "id": 4665371689 }, "geometry": { "type": "Point", "coordinates": [ 78.332226, 17.4955259 ] } },
{ "type": "Feature", "properties": { "element": "node", "id": 4674764891 }, "geometry": { "type": "Point", "coordinates": [ 78.31971350000002, 17.4781366 ] } },
{ "type": "Feature", "properties": { "element": "node", "id": 4679716389 }, "geometry": { "type": "Point", "coordinates": [ 78.3677443, 17.466147 ] } },
{ "type": "Feature", "properties": { "element": "node", "id": 4693614990 }, "geometry": { "type": "Point", "coordinates": [ 78.327984, 17.4928587 ] } },
{ "type": "Feature", "properties": { "element": "node", "id": 4695632089 }, "geometry": { "type": "Point", "coordinates": [ 78.3275773, 17.4921861 ] } },
{ "type": "Feature", "properties": { "element": "node", "id": 4703894689 }, "geometry": { "type": "Point", "coordinates": [ 78.601832, 17.4899292 ] } },
{ "type": "Feature", "properties": { "element": "node", "id": 4711614465 }, "geometry": { "type": "Point", "coordinates": [ 78.563899, 17.3289104 ] } },
{ "type": "Feature", "properties": { "element": "node", "id": 4715099192 }, "geometry": { "type": "Point", "coordinates": [ 78.5043433, 17.4439091 ] } },
{ "type": "Feature", "properties": { "element": "node", "id": 4716995091 }, "geometry": { "type": "Point", "coordinates": [ 78.337417, 17.4959755 ] } },
{ "type": "Feature", "properties": { "element": "node", "id": 4856641922 }, "geometry": { "type": "Point", "coordinates": [ 78.4323478, 17.5214894 ] } },
{ "type": "Feature", "properties": { "element": "node", "id": 4972310519 }, "geometry": { "type": "Point", "coordinates": [ 78.4599543, 17.3448605 ] } },
{ "type": "Feature", "properties": { "element": "node", "id": 5118590649 }, "geometry": { "type": "Point", "coordinates": [ 78.4979892, 17.4153976 ] } },
{ "type": "Feature", "properties": { "element": "node", "id": 5324874933 }, "geometry": { "type": "Point", "coordinates": [ 78.4340161, 17.4297764 ] } },
{ "type": "Feature", "properties": { "element": "node", "id": 5405055776 }, "geometry": { "type": "Point", "coordinates": [ 78.3587144, 17.4422328 ] } },
{ "type": "Feature", "properties": { "element": "node", "id": 5538998266 }, "geometry": { "type": "Point", "coordinates": [ 78.5826543, 17.4027495 ] } },
{ "type": "Feature", "properties": { "element": "node", "id": 5539039096 }, "geometry": { "type": "Point", "coordinates": [ 78.5871698, 17.405751 ] } },
{ "type": "Feature", "properties": { "element": "node", "id": 5539102501 }, "geometry": { "type": "Point", "coordinates": [ 78.300147, 17.5087613 ] } },
{ "type": "Feature", "properties": { "element": "node", "id": 5539327276 }, "geometry": { "type": "Point", "coordinates": [ 78.5178991, 17.4197715 ] } },
{ "type": "Feature", "properties": { "element": "node", "id": 5539327277 }, "geometry": { "type": "Point", "coordinates": [ 78.5177549, 17.4195168 ] } },
{ "type": "Feature", "properties": { "element": "node", "id": 5563162636 }, "geometry": { "type": "Point", "coordinates": [ 78.384027, 17.498762 ] } },
{ "type": "Feature", "properties": { "element": "node", "id": 5608402071 }, "geometry": { "type": "Point", "coordinates": [ 78.598811900000015, 17.4080743 ] } },
{ "type": "Feature", "properties": { "element": "node", "id": 5608460083 }, "geometry": { "type": "Point", "coordinates": [ 78.5165968, 17.4227862 ] } },
{ "type": "Feature", "properties": { "element": "node", "id": 5636923030 }, "geometry": { "type": "Point", "coordinates": [ 78.5087313, 17.313698099999989 ] } },
{ "type": "Feature", "properties": { "element": "node", "id": 5637353960 }, "geometry": { "type": "Point", "coordinates": [ 78.5078608, 17.3506727 ] } },
{ "type": "Feature", "properties": { "element": "node", "id": 5679345122 }, "geometry": { "type": "Point", "coordinates": [ 78.4707124, 17.3497123 ] } },
{ "type": "Feature", "properties": { "element": "node", "id": 5773420134 }, "geometry": { "type": "Point", "coordinates": [ 78.5383502, 17.446158 ] } },
{ "type": "Feature", "properties": { "element": "node", "id": 5783995954 }, "geometry": { "type": "Point", "coordinates": [ 78.3448275, 17.4943337 ] } },
{ "type": "Feature", "properties": { "element": "node", "id": 5873950225 }, "geometry": { "type": "Point", "coordinates": [ 78.3890658, 17.4853105 ] } },
{ "type": "Feature", "properties": { "element": "node", "id": 5876735151 }, "geometry": { "type": "Point", "coordinates": [ 78.4045957, 17.3140538 ] } },
{ "type": "Feature", "properties": { "element": "node", "id": 5993045399 }, "geometry": { "type": "Point", "coordinates": [ 78.3889115, 17.4524 ] } },
{ "type": "Feature", "properties": { "element": "node", "id": 6061219781 }, "geometry": { "type": "Point", "coordinates": [ 78.4326051, 17.5454734 ] } },
{ "type": "Feature", "properties": { "element": "node", "id": 6078227506 }, "geometry": { "type": "Point", "coordinates": [ 78.4388653, 17.4564341 ] } },
{ "type": "Feature", "properties": { "element": "node", "id": 6078236947 }, "geometry": { "type": "Point", "coordinates": [ 78.4369269, 17.456281 ] } },
{ "type": "Feature", "properties": { "element": "node", "id": 6133853785 }, "geometry": { "type": "Point", "coordinates": [ 78.4885233, 17.536328 ] } },
{ "type": "Feature", "properties": { "element": "node", "id": 6151537449 }, "geometry": { "type": "Point", "coordinates": [ 78.3825608, 17.4503845 ] } },
{ "type": "Feature", "properties": { "element": "node", "id": 6151537450 }, "geometry": { "type": "Point", "coordinates": [ 78.3825036, 17.4503922 ] } },
{ "type": "Feature", "properties": { "element": "node", "id": 6177956183 }, "geometry": { "type": "Point", "coordinates": [ 78.5465732, 17.4571109 ] } },
{ "type": "Feature", "properties": { "element": "node", "id": 6191762119 }, "geometry": { "type": "Point", "coordinates": [ 78.3876457, 17.4433217 ] } },
{ "type": "Feature", "properties": { "element": "node", "id": 6195716886 }, "geometry": { "type": "Point", "coordinates": [ 78.463068, 17.3944441 ] } },
{ "type": "Feature", "properties": { "element": "node", "id": 6212803089 }, "geometry": { "type": "Point", "coordinates": [ 78.4563758, 17.4379741 ] } },
{ "type": "Feature", "properties": { "element": "node", "id": 6216425386 }, "geometry": { "type": "Point", "coordinates": [ 78.4525058, 17.3948133 ] } },
{ "type": "Feature", "properties": { "element": "node", "id": 6216425387 }, "geometry": { "type": "Point", "coordinates": [ 78.4562128, 17.3972385 ] } },
{ "type": "Feature", "properties": { "element": "node", "id": 6217853185 }, "geometry": { "type": "Point", "coordinates": [ 78.4207625, 17.4257981 ] } },
{ "type": "Feature", "properties": { "element": "node", "id": 6218850786 }, "geometry": { "type": "Point", "coordinates": [ 78.4508868, 17.4057018 ] } },
{ "type": "Feature", "properties": { "element": "node", "id": 6219027188 }, "geometry": { "type": "Point", "coordinates": [ 78.4656063, 17.3960512 ] } },
{ "type": "Feature", "properties": { "element": "node", "id": 6220365686 }, "geometry": { "type": "Point", "coordinates": [ 78.4519084, 17.3946344 ] } },
{ "type": "Feature", "properties": { "element": "node", "id": 6222433385 }, "geometry": { "type": "Point", "coordinates": [ 78.454341400000018, 17.3979621 ] } },
{ "type": "Feature", "properties": { "element": "node", "id": 6235740285 }, "geometry": { "type": "Point", "coordinates": [ 78.3875314, 17.4858906 ] } },
{ "type": "Feature", "properties": { "element": "node", "id": 6237524890 }, "geometry": { "type": "Point", "coordinates": [ 78.39876, 17.494517 ] } },
{ "type": "Feature", "properties": { "element": "node", "id": 6244371387 }, "geometry": { "type": "Point", "coordinates": [ 78.4621491, 17.4089621 ] } },
{ "type": "Feature", "properties": { "element": "node", "id": 6246261938 }, "geometry": { "type": "Point", "coordinates": [ 78.5951467, 17.4817165 ] } },
{ "type": "Feature", "properties": { "element": "node", "id": 6248864185 }, "geometry": { "type": "Point", "coordinates": [ 78.3969527, 17.4949239 ] } },
{ "type": "Feature", "properties": { "element": "node", "id": 6248961986 }, "geometry": { "type": "Point", "coordinates": [ 78.3872074, 17.4729982 ] } },
{ "type": "Feature", "properties": { "element": "node", "id": 6255304086 }, "geometry": { "type": "Point", "coordinates": [ 78.3911951, 17.487903 ] } },
{ "type": "Feature", "properties": { "element": "node", "id": 6261444586 }, "geometry": { "type": "Point", "coordinates": [ 78.3872633, 17.4731914 ] } },
{ "type": "Feature", "properties": { "element": "node", "id": 6267325686 }, "geometry": { "type": "Point", "coordinates": [ 78.4606817, 17.4027274 ] } },
{ "type": "Feature", "properties": { "element": "node", "id": 6269697486 }, "geometry": { "type": "Point", "coordinates": [ 78.3958249, 17.491694 ] } },
{ "type": "Feature", "properties": { "element": "node", "id": 6273893487 }, "geometry": { "type": "Point", "coordinates": [ 78.3984062, 17.4943045 ] } },
{ "type": "Feature", "properties": { "element": "node", "id": 6308287072 }, "geometry": { "type": "Point", "coordinates": [ 78.4844653, 17.4103873 ] } },
{ "type": "Feature", "properties": { "element": "node", "id": 6308345580 }, "geometry": { "type": "Point", "coordinates": [ 78.599351, 17.328667 ] } },
{ "type": "Feature", "properties": { "element": "node", "id": 6352370686 }, "geometry": { "type": "Point", "coordinates": [ 78.3915335, 17.4066776 ] } },
{ "type": "Feature", "properties": { "element": "node", "id": 6372428649 }, "geometry": { "type": "Point", "coordinates": [ 78.5425682, 17.3709786 ] } },
{ "type": "Feature", "properties": { "element": "node", "id": 6375038698 }, "geometry": { "type": "Point", "coordinates": [ 78.5276104, 17.3703144 ] } },
{ "type": "Feature", "properties": { "element": "node", "id": 6400644686 }, "geometry": { "type": "Point", "coordinates": [ 78.5135597, 17.3682666 ] } },
{ "type": "Feature", "properties": { "element": "node", "id": 6471883031 }, "geometry": { "type": "Point", "coordinates": [ 78.4225617, 17.4248083 ] } },
{ "type": "Feature", "properties": { "element": "node", "id": 6477199878 }, "geometry": { "type": "Point", "coordinates": [ 78.5226305, 17.3455423 ] } },
{ "type": "Feature", "properties": { "element": "node", "id": 6477257408 }, "geometry": { "type": "Point", "coordinates": [ 78.4721151, 17.4451684 ] } },
{ "type": "Feature", "properties": { "element": "node", "id": 6477289985 }, "geometry": { "type": "Point", "coordinates": [ 78.449832, 17.4238105 ] } },
{ "type": "Feature", "properties": { "element": "node", "id": 6477295602 }, "geometry": { "type": "Point", "coordinates": [ 78.4505488, 17.4232839 ] } },
{ "type": "Feature", "properties": { "element": "node", "id": 6479934028 }, "geometry": { "type": "Point", "coordinates": [ 78.472261300000014, 17.3969132 ] } },
{ "type": "Feature", "properties": { "element": "node", "id": 6479941227 }, "geometry": { "type": "Point", "coordinates": [ 78.4010815, 17.4911264 ] } },
{ "type": "Feature", "properties": { "element": "node", "id": 6479951769 }, "geometry": { "type": "Point", "coordinates": [ 78.5008281, 17.4553191 ] } },
{ "type": "Feature", "properties": { "element": "node", "id": 6479961202 }, "geometry": { "type": "Point", "coordinates": [ 78.4369875, 17.3913878 ] } },
{ "type": "Feature", "properties": { "element": "node", "id": 6480023416 }, "geometry": { "type": "Point", "coordinates": [ 78.5105337, 17.3503945 ] } },
{ "type": "Feature", "properties": { "element": "node", "id": 6480033798 }, "geometry": { "type": "Point", "coordinates": [ 78.4781628, 17.4077141 ] } },
{ "type": "Feature", "properties": { "element": "node", "id": 6480048646 }, "geometry": { "type": "Point", "coordinates": [ 78.41728470000001, 17.4033637 ] } },
{ "type": "Feature", "properties": { "element": "node", "id": 6480067093 }, "geometry": { "type": "Point", "coordinates": [ 78.4611649, 17.4041136 ] } },
{ "type": "Feature", "properties": { "element": "node", "id": 6480099631 }, "geometry": { "type": "Point", "coordinates": [ 78.5640143, 17.4760702 ] } },
{ "type": "Feature", "properties": { "element": "node", "id": 6480117503 }, "geometry": { "type": "Point", "coordinates": [ 78.3969096, 17.4912927 ] } },
{ "type": "Feature", "properties": { "element": "node", "id": 6480130350 }, "geometry": { "type": "Point", "coordinates": [ 78.4662196, 17.4444929 ] } },
{ "type": "Feature", "properties": { "element": "node", "id": 6481937416 }, "geometry": { "type": "Point", "coordinates": [ 78.5378788, 17.458369 ] } },
{ "type": "Feature", "properties": { "element": "node", "id": 6481946699 }, "geometry": { "type": "Point", "coordinates": [ 78.4961598, 17.3920174 ] } },
{ "type": "Feature", "properties": { "element": "node", "id": 6481950561 }, "geometry": { "type": "Point", "coordinates": [ 78.3825836, 17.5007182 ] } },
{ "type": "Feature", "properties": { "element": "node", "id": 6481952537 }, "geometry": { "type": "Point", "coordinates": [ 78.4747114, 17.3854315 ] } },
{ "type": "Feature", "properties": { "element": "node", "id": 6481959033 }, "geometry": { "type": "Point", "coordinates": [ 78.4754102, 17.3851141 ] } },
{ "type": "Feature", "properties": { "element": "node", "id": 6481978987 }, "geometry": { "type": "Point", "coordinates": [ 78.4378043, 17.3918945 ] } },
{ "type": "Feature", "properties": { "element": "node", "id": 6482035085 }, "geometry": { "type": "Point", "coordinates": [ 78.5551161, 17.3525175 ] } },
{ "type": "Feature", "properties": { "element": "node", "id": 6482049740 }, "geometry": { "type": "Point", "coordinates": [ 78.4266108, 17.4311263 ] } },
{ "type": "Feature", "properties": { "element": "node", "id": 6482100116 }, "geometry": { "type": "Point", "coordinates": [ 78.5647274, 17.4878467 ] } },
{ "type": "Feature", "properties": { "element": "node", "id": 6482108938 }, "geometry": { "type": "Point", "coordinates": [ 78.4796964, 17.4432007 ] } },
{ "type": "Feature", "properties": { "element": "node", "id": 6482123599 }, "geometry": { "type": "Point", "coordinates": [ 78.4754596, 17.5123618 ] } },
{ "type": "Feature", "properties": { "element": "node", "id": 6482123642 }, "geometry": { "type": "Point", "coordinates": [ 78.5404511, 17.3676358 ] } },
{ "type": "Feature", "properties": { "element": "node", "id": 6482129255 }, "geometry": { "type": "Point", "coordinates": [ 78.4537243, 17.4252477 ] } },
{ "type": "Feature", "properties": { "element": "node", "id": 6482139039 }, "geometry": { "type": "Point", "coordinates": [ 78.33987980000002, 17.4966133 ] } },
{ "type": "Feature", "properties": { "element": "node", "id": 6482139577 }, "geometry": { "type": "Point", "coordinates": [ 78.39749, 17.4925267 ] } },
{ "type": "Feature", "properties": { "element": "node", "id": 6482139683 }, "geometry": { "type": "Point", "coordinates": [ 78.5087555, 17.344919 ] } },
{ "type": "Feature", "properties": { "element": "node", "id": 6484699042 }, "geometry": { "type": "Point", "coordinates": [ 78.5082445, 17.447062 ] } },
{ "type": "Feature", "properties": { "element": "node", "id": 6484704654 }, "geometry": { "type": "Point", "coordinates": [ 78.5069785, 17.3987452 ] } },
{ "type": "Feature", "properties": { "element": "node", "id": 6484721973 }, "geometry": { "type": "Point", "coordinates": [ 78.4419228, 17.3942929 ] } },
{ "type": "Feature", "properties": { "element": "node", "id": 6484727717 }, "geometry": { "type": "Point", "coordinates": [ 78.4015616, 17.4920608 ] } },
{ "type": "Feature", "properties": { "element": "node", "id": 6484730153 }, "geometry": { "type": "Point", "coordinates": [ 78.3942747, 17.4372474 ] } },
{ "type": "Feature", "properties": { "element": "node", "id": 6484735190 }, "geometry": { "type": "Point", "coordinates": [ 78.4773293, 17.4691656 ] } },
{ "type": "Feature", "properties": { "element": "node", "id": 6484754716 }, "geometry": { "type": "Point", "coordinates": [ 78.4969578, 17.391947 ] } },
{ "type": "Feature", "properties": { "element": "node", "id": 6484770090 }, "geometry": { "type": "Point", "coordinates": [ 78.464393, 17.4064439 ] } },
{ "type": "Feature", "properties": { "element": "node", "id": 6484770861 }, "geometry": { "type": "Point", "coordinates": [ 78.4000755, 17.4876454 ] } },
{ "type": "Feature", "properties": { "element": "node", "id": 6484775841 }, "geometry": { "type": "Point", "coordinates": [ 78.5282483, 17.3452764 ] } },
{ "type": "Feature", "properties": { "element": "node", "id": 6484856482 }, "geometry": { "type": "Point", "coordinates": [ 78.4731994, 17.3644409 ] } },
{ "type": "Feature", "properties": { "element": "node", "id": 6484867650 }, "geometry": { "type": "Point", "coordinates": [ 78.5004204, 17.4593374 ] } },
{ "type": "Feature", "properties": { "element": "node", "id": 6484873593 }, "geometry": { "type": "Point", "coordinates": [ 78.3972265, 17.4918932 ] } },
{ "type": "Feature", "properties": { "element": "node", "id": 6484884147 }, "geometry": { "type": "Point", "coordinates": [ 78.4991692, 17.4396489 ] } },
{ "type": "Feature", "properties": { "element": "node", "id": 6484886609 }, "geometry": { "type": "Point", "coordinates": [ 78.4673019, 17.3729437 ] } },
{ "type": "Feature", "properties": { "element": "node", "id": 6484888144 }, "geometry": { "type": "Point", "coordinates": [ 78.492862, 17.4073263 ] } },
{ "type": "Feature", "properties": { "element": "node", "id": 6484901165 }, "geometry": { "type": "Point", "coordinates": [ 78.4476453, 17.5160805 ] } },
{ "type": "Feature", "properties": { "element": "node", "id": 6484905715 }, "geometry": { "type": "Point", "coordinates": [ 78.5692647, 17.4738034 ] } },
{ "type": "Feature", "properties": { "element": "node", "id": 6484931583 }, "geometry": { "type": "Point", "coordinates": [ 78.4487075, 17.429802 ] } },
{ "type": "Feature", "properties": { "element": "node", "id": 6484947125 }, "geometry": { "type": "Point", "coordinates": [ 78.4020397, 17.494399 ] } },
{ "type": "Feature", "properties": { "element": "node", "id": 6484947325 }, "geometry": { "type": "Point", "coordinates": [ 78.5068591, 17.3534936 ] } },
{ "type": "Feature", "properties": { "element": "node", "id": 6484965004 }, "geometry": { "type": "Point", "coordinates": [ 78.5079373, 17.3942993 ] } },
{ "type": "Feature", "properties": { "element": "node", "id": 6485002885 }, "geometry": { "type": "Point", "coordinates": [ 78.5627764, 17.4769771 ] } },
{ "type": "Feature", "properties": { "element": "node", "id": 6485021712 }, "geometry": { "type": "Point", "coordinates": [ 78.5021076, 17.4142 ] } },
{ "type": "Feature", "properties": { "element": "node", "id": 6485054519 }, "geometry": { "type": "Point", "coordinates": [ 78.4488925, 17.4841162 ] } },
{ "type": "Feature", "properties": { "element": "node", "id": 6485054528 }, "geometry": { "type": "Point", "coordinates": [ 78.3250616, 17.4956729 ] } },
{ "type": "Feature", "properties": { "element": "node", "id": 6485066503 }, "geometry": { "type": "Point", "coordinates": [ 78.4975089, 17.4077787 ] } },
{ "type": "Feature", "properties": { "element": "node", "id": 6485092243 }, "geometry": { "type": "Point", "coordinates": [ 78.4406662, 17.4390949 ] } },
{ "type": "Feature", "properties": { "element": "node", "id": 6485092469 }, "geometry": { "type": "Point", "coordinates": [ 78.4965339, 17.3908042 ] } },
{ "type": "Feature", "properties": { "element": "node", "id": 6485104985 }, "geometry": { "type": "Point", "coordinates": [ 78.5005935, 17.3717457 ] } },
{ "type": "Feature", "properties": { "element": "node", "id": 6485134606 }, "geometry": { "type": "Point", "coordinates": [ 78.4242403, 17.4406252 ] } },
{ "type": "Feature", "properties": { "element": "node", "id": 6485236733 }, "geometry": { "type": "Point", "coordinates": [ 78.5115261, 17.4500557 ] } },
{ "type": "Feature", "properties": { "element": "node", "id": 6485264332 }, "geometry": { "type": "Point", "coordinates": [ 78.4190255, 17.3755381 ] } },
{ "type": "Feature", "properties": { "element": "node", "id": 6485316309 }, "geometry": { "type": "Point", "coordinates": [ 78.4472698, 17.5160364 ] } },
{ "type": "Feature", "properties": { "element": "node", "id": 6485325429 }, "geometry": { "type": "Point", "coordinates": [ 78.4317076, 17.4240881 ] } },
{ "type": "Feature", "properties": { "element": "node", "id": 6485435755 }, "geometry": { "type": "Point", "coordinates": [ 78.5373142, 17.4837017 ] } },
{ "type": "Feature", "properties": { "element": "node", "id": 6485441362 }, "geometry": { "type": "Point", "coordinates": [ 78.4626817, 17.3944196 ] } },
{ "type": "Feature", "properties": { "element": "node", "id": 6485458540 }, "geometry": { "type": "Point", "coordinates": [ 78.5756557, 17.4017218 ] } },
{ "type": "Feature", "properties": { "element": "node", "id": 6485500890 }, "geometry": { "type": "Point", "coordinates": [ 78.5495599, 17.3403283 ] } },
{ "type": "Feature", "properties": { "element": "node", "id": 6485566735 }, "geometry": { "type": "Point", "coordinates": [ 78.4506487, 17.4298167 ] } },
{ "type": "Feature", "properties": { "element": "node", "id": 6485587478 }, "geometry": { "type": "Point", "coordinates": [ 78.4727287, 17.3818518 ] } },
{ "type": "Feature", "properties": { "element": "node", "id": 6485594351 }, "geometry": { "type": "Point", "coordinates": [ 78.4879965, 17.3313005 ] } },
{ "type": "Feature", "properties": { "element": "node", "id": 6485603800 }, "geometry": { "type": "Point", "coordinates": [ 78.4957641, 17.3925332 ] } },
{ "type": "Feature", "properties": { "element": "node", "id": 6485621541 }, "geometry": { "type": "Point", "coordinates": [ 78.504485, 17.3598544 ] } },
{ "type": "Feature", "properties": { "element": "node", "id": 6485645255 }, "geometry": { "type": "Point", "coordinates": [ 78.4559655, 17.4073909 ] } },
{ "type": "Feature", "properties": { "element": "node", "id": 6485663642 }, "geometry": { "type": "Point", "coordinates": [ 78.5020941, 17.4409578 ] } },
{ "type": "Feature", "properties": { "element": "node", "id": 6485668057 }, "geometry": { "type": "Point", "coordinates": [ 78.4676445, 17.3763924 ] } },
{ "type": "Feature", "properties": { "element": "node", "id": 6485763799 }, "geometry": { "type": "Point", "coordinates": [ 78.4798486, 17.4767414 ] } },
{ "type": "Feature", "properties": { "element": "node", "id": 6485786103 }, "geometry": { "type": "Point", "coordinates": [ 78.327158, 17.4932209 ] } },
{ "type": "Feature", "properties": { "element": "node", "id": 6485813857 }, "geometry": { "type": "Point", "coordinates": [ 78.4392936, 17.3819369 ] } },
{ "type": "Feature", "properties": { "element": "node", "id": 6485824573 }, "geometry": { "type": "Point", "coordinates": [ 78.4268716, 17.3915772 ] } },
{ "type": "Feature", "properties": { "element": "node", "id": 6485835298 }, "geometry": { "type": "Point", "coordinates": [ 78.4951296, 17.4226373 ] } },
{ "type": "Feature", "properties": { "element": "node", "id": 6485848266 }, "geometry": { "type": "Point", "coordinates": [ 78.3958378, 17.4391256 ] } },
{ "type": "Feature", "properties": { "element": "node", "id": 6485852123 }, "geometry": { "type": "Point", "coordinates": [ 78.4175335, 17.3979236 ] } },
{ "type": "Feature", "properties": { "element": "node", "id": 6485868703 }, "geometry": { "type": "Point", "coordinates": [ 78.4606527, 17.4059206 ] } },
{ "type": "Feature", "properties": { "element": "node", "id": 6485873602 }, "geometry": { "type": "Point", "coordinates": [ 78.5028817, 17.4350761 ] } },
{ "type": "Feature", "properties": { "element": "node", "id": 6485880627 }, "geometry": { "type": "Point", "coordinates": [ 78.4444669, 17.4525697 ] } },
{ "type": "Feature", "properties": { "element": "node", "id": 6485889000 }, "geometry": { "type": "Point", "coordinates": [ 78.4190007, 17.376004 ] } },
{ "type": "Feature", "properties": { "element": "node", "id": 6486018651 }, "geometry": { "type": "Point", "coordinates": [ 78.487161, 17.370373 ] } },
{ "type": "Feature", "properties": { "element": "node", "id": 6486037407 }, "geometry": { "type": "Point", "coordinates": [ 78.4780213, 17.4595888 ] } },
{ "type": "Feature", "properties": { "element": "node", "id": 6486039380 }, "geometry": { "type": "Point", "coordinates": [ 78.4916899, 17.3503388 ] } },
{ "type": "Feature", "properties": { "element": "node", "id": 6486047722 }, "geometry": { "type": "Point", "coordinates": [ 78.3969207, 17.3652026 ] } },
{ "type": "Feature", "properties": { "element": "node", "id": 6486059355 }, "geometry": { "type": "Point", "coordinates": [ 78.5334009, 17.4810002 ] } },
{ "type": "Feature", "properties": { "element": "node", "id": 6486149790 }, "geometry": { "type": "Point", "coordinates": [ 78.4784049, 17.4570199 ] } },
{ "type": "Feature", "properties": { "element": "node", "id": 6486930279 }, "geometry": { "type": "Point", "coordinates": [ 78.3985448, 17.4940242 ] } },
{ "type": "Feature", "properties": { "element": "node", "id": 6486935781 }, "geometry": { "type": "Point", "coordinates": [ 78.5340929, 17.4255423 ] } },
{ "type": "Feature", "properties": { "element": "node", "id": 6486941192 }, "geometry": { "type": "Point", "coordinates": [ 78.5529341, 17.4775643 ] } },
{ "type": "Feature", "properties": { "element": "node", "id": 6486957243 }, "geometry": { "type": "Point", "coordinates": [ 78.5828997, 17.4028902 ] } },
{ "type": "Feature", "properties": { "element": "node", "id": 6487033522 }, "geometry": { "type": "Point", "coordinates": [ 78.5563056, 17.4812995 ] } },
{ "type": "Feature", "properties": { "element": "node", "id": 6487092948 }, "geometry": { "type": "Point", "coordinates": [ 78.4826575, 17.367312 ] } },
{ "type": "Feature", "properties": { "element": "node", "id": 6487102159 }, "geometry": { "type": "Point", "coordinates": [ 78.5569091, 17.3760514 ] } },
{ "type": "Feature", "properties": { "element": "node", "id": 6487115764 }, "geometry": { "type": "Point", "coordinates": [ 78.490338, 17.376873 ] } },
{ "type": "Feature", "properties": { "element": "node", "id": 6487116810 }, "geometry": { "type": "Point", "coordinates": [ 78.417322900000016, 17.4343967 ] } },
{ "type": "Feature", "properties": { "element": "node", "id": 6487122129 }, "geometry": { "type": "Point", "coordinates": [ 78.5366464, 17.3974654 ] } },
{ "type": "Feature", "properties": { "element": "node", "id": 6487127620 }, "geometry": { "type": "Point", "coordinates": [ 78.4365799, 17.4352974 ] } },
{ "type": "Feature", "properties": { "element": "node", "id": 6487137845 }, "geometry": { "type": "Point", "coordinates": [ 78.4386519, 17.394618 ] } },
{ "type": "Feature", "properties": { "element": "node", "id": 6487162039 }, "geometry": { "type": "Point", "coordinates": [ 78.4556772, 17.4216154 ] } },
{ "type": "Feature", "properties": { "element": "node", "id": 6487200705 }, "geometry": { "type": "Point", "coordinates": [ 78.4348029, 17.3913379 ] } },
{ "type": "Feature", "properties": { "element": "node", "id": 6487263499 }, "geometry": { "type": "Point", "coordinates": [ 78.4453909, 17.3178961 ] } },
{ "type": "Feature", "properties": { "element": "node", "id": 6487281382 }, "geometry": { "type": "Point", "coordinates": [ 78.5099416, 17.4502892 ] } },
{ "type": "Feature", "properties": { "element": "node", "id": 6487288564 }, "geometry": { "type": "Point", "coordinates": [ 78.5399126, 17.345958 ] } },
{ "type": "Feature", "properties": { "element": "node", "id": 6487305068 }, "geometry": { "type": "Point", "coordinates": [ 78.3240189, 17.4941988 ] } },
{ "type": "Feature", "properties": { "element": "node", "id": 6487326328 }, "geometry": { "type": "Point", "coordinates": [ 78.5163756, 17.4232391 ] } },
{ "type": "Feature", "properties": { "element": "node", "id": 6487365747 }, "geometry": { "type": "Point", "coordinates": [ 78.4787576, 17.3292521 ] } },
{ "type": "Feature", "properties": { "element": "node", "id": 6487452726 }, "geometry": { "type": "Point", "coordinates": [ 78.4924355, 17.4034853 ] } },
{ "type": "Feature", "properties": { "element": "node", "id": 6487508103 }, "geometry": { "type": "Point", "coordinates": [ 78.326716600000012, 17.4939308 ] } },
{ "type": "Feature", "properties": { "element": "node", "id": 6487508548 }, "geometry": { "type": "Point", "coordinates": [ 78.4471166, 17.4850586 ] } },
{ "type": "Feature", "properties": { "element": "node", "id": 6487609803 }, "geometry": { "type": "Point", "coordinates": [ 78.3410724, 17.4957541 ] } },
{ "type": "Feature", "properties": { "element": "node", "id": 6487635185 }, "geometry": { "type": "Point", "coordinates": [ 78.5220303, 17.3682886 ] } },
{ "type": "Feature", "properties": { "element": "node", "id": 6487647064 }, "geometry": { "type": "Point", "coordinates": [ 78.5510686, 17.4825166 ] } },
{ "type": "Feature", "properties": { "element": "node", "id": 6487654694 }, "geometry": { "type": "Point", "coordinates": [ 78.5087728, 17.4549634 ] } },
{ "type": "Feature", "properties": { "element": "node", "id": 6487663429 }, "geometry": { "type": "Point", "coordinates": [ 78.4776311, 17.4019445 ] } },
{ "type": "Feature", "properties": { "element": "node", "id": 6487670042 }, "geometry": { "type": "Point", "coordinates": [ 78.5014417, 17.4565491 ] } },
{ "type": "Feature", "properties": { "element": "node", "id": 6487670477 }, "geometry": { "type": "Point", "coordinates": [ 78.4898807, 17.3751644 ] } },
{ "type": "Feature", "properties": { "element": "node", "id": 6487677480 }, "geometry": { "type": "Point", "coordinates": [ 78.5213698, 17.3695416 ] } },
{ "type": "Feature", "properties": { "element": "node", "id": 6487685466 }, "geometry": { "type": "Point", "coordinates": [ 78.5132843, 17.5028854 ] } },
{ "type": "Feature", "properties": { "element": "node", "id": 6487777184 }, "geometry": { "type": "Point", "coordinates": [ 78.557005, 17.3771559 ] } },
{ "type": "Feature", "properties": { "element": "node", "id": 6487866891 }, "geometry": { "type": "Point", "coordinates": [ 78.4272954, 17.437122 ] } },
{ "type": "Feature", "properties": { "element": "node", "id": 6487879316 }, "geometry": { "type": "Point", "coordinates": [ 78.5394748, 17.4751261 ] } },
{ "type": "Feature", "properties": { "element": "node", "id": 6487886439 }, "geometry": { "type": "Point", "coordinates": [ 78.3564663, 17.5044701 ] } },
{ "type": "Feature", "properties": { "element": "node", "id": 6487901010 }, "geometry": { "type": "Point", "coordinates": [ 78.513029500000016, 17.4951472 ] } },
{ "type": "Feature", "properties": { "element": "node", "id": 6487920155 }, "geometry": { "type": "Point", "coordinates": [ 78.5041333, 17.421726 ] } },
{ "type": "Feature", "properties": { "element": "node", "id": 6488469834 }, "geometry": { "type": "Point", "coordinates": [ 78.4504817, 17.4467703 ] } },
{ "type": "Feature", "properties": { "element": "node", "id": 6488483046 }, "geometry": { "type": "Point", "coordinates": [ 78.5603427, 17.3973433 ] } },
{ "type": "Feature", "properties": { "element": "node", "id": 6488599602 }, "geometry": { "type": "Point", "coordinates": [ 78.4514661, 17.4354676 ] } },
{ "type": "Feature", "properties": { "element": "node", "id": 6488608462 }, "geometry": { "type": "Point", "coordinates": [ 78.4890948, 17.3930464 ] } },
{ "type": "Feature", "properties": { "element": "node", "id": 6488677506 }, "geometry": { "type": "Point", "coordinates": [ 78.5678552, 17.4747705 ] } },
{ "type": "Feature", "properties": { "element": "node", "id": 6489576234 }, "geometry": { "type": "Point", "coordinates": [ 78.4452461, 17.4418419 ] } },
{ "type": "Feature", "properties": { "element": "node", "id": 6489591500 }, "geometry": { "type": "Point", "coordinates": [ 78.432519, 17.4281872 ] } },
{ "type": "Feature", "properties": { "element": "node", "id": 6489607238 }, "geometry": { "type": "Point", "coordinates": [ 78.4569848, 17.4121475 ] } },
{ "type": "Feature", "properties": { "element": "node", "id": 6489610677 }, "geometry": { "type": "Point", "coordinates": [ 78.5405061, 17.4002374 ] } },
{ "type": "Feature", "properties": { "element": "node", "id": 6489613991 }, "geometry": { "type": "Point", "coordinates": [ 78.5631077, 17.4571396 ] } },
{ "type": "Feature", "properties": { "element": "node", "id": 6489688950 }, "geometry": { "type": "Point", "coordinates": [ 78.452197, 17.4229122 ] } },
{ "type": "Feature", "properties": { "element": "node", "id": 6489762038 }, "geometry": { "type": "Point", "coordinates": [ 78.5319123, 17.397102 ] } },
{ "type": "Feature", "properties": { "element": "node", "id": 6489782205 }, "geometry": { "type": "Point", "coordinates": [ 78.459209, 17.4091262 ] } },
{ "type": "Feature", "properties": { "element": "node", "id": 6489786900 }, "geometry": { "type": "Point", "coordinates": [ 78.4524223, 17.4186198 ] } },
{ "type": "Feature", "properties": { "element": "node", "id": 6489790935 }, "geometry": { "type": "Point", "coordinates": [ 78.4822022, 17.5185239 ] } },
{ "type": "Feature", "properties": { "element": "node", "id": 6489835094 }, "geometry": { "type": "Point", "coordinates": [ 78.5648384, 17.401288 ] } },
{ "type": "Feature", "properties": { "element": "node", "id": 6489843355 }, "geometry": { "type": "Point", "coordinates": [ 78.4238099, 17.4554163 ] } },
{ "type": "Feature", "properties": { "element": "node", "id": 6489894585 }, "geometry": { "type": "Point", "coordinates": [ 78.4397234, 17.3879656 ] } },
{ "type": "Feature", "properties": { "element": "node", "id": 6489964063 }, "geometry": { "type": "Point", "coordinates": [ 78.3226825, 17.4954209 ] } },
{ "type": "Feature", "properties": { "element": "node", "id": 6490004584 }, "geometry": { "type": "Point", "coordinates": [ 78.4793389, 17.4059203 ] } },
{ "type": "Feature", "properties": { "element": "node", "id": 6490016089 }, "geometry": { "type": "Point", "coordinates": [ 78.5032857, 17.373217 ] } },
{ "type": "Feature", "properties": { "element": "node", "id": 6490029456 }, "geometry": { "type": "Point", "coordinates": [ 78.4911588, 17.390579 ] } },
{ "type": "Feature", "properties": { "element": "node", "id": 6490089435 }, "geometry": { "type": "Point", "coordinates": [ 78.484531, 17.520925 ] } },
{ "type": "Feature", "properties": { "element": "node", "id": 6490143313 }, "geometry": { "type": "Point", "coordinates": [ 78.492064, 17.3979338 ] } },
{ "type": "Feature", "properties": { "element": "node", "id": 6490181234 }, "geometry": { "type": "Point", "coordinates": [ 78.4959277, 17.389948 ] } },
{ "type": "Feature", "properties": { "element": "node", "id": 6490329242 }, "geometry": { "type": "Point", "coordinates": [ 78.4988473, 17.4156652 ] } },
{ "type": "Feature", "properties": { "element": "node", "id": 6490770019 }, "geometry": { "type": "Point", "coordinates": [ 78.4607056, 17.4274156 ] } },
{ "type": "Feature", "properties": { "element": "node", "id": 6490784114 }, "geometry": { "type": "Point", "coordinates": [ 78.482968, 17.4111077 ] } },
{ "type": "Feature", "properties": { "element": "node", "id": 6490833350 }, "geometry": { "type": "Point", "coordinates": [ 78.4622929, 17.404143 ] } },
{ "type": "Feature", "properties": { "element": "node", "id": 6490857331 }, "geometry": { "type": "Point", "coordinates": [ 78.5170508, 17.4281006 ] } },
{ "type": "Feature", "properties": { "element": "node", "id": 6490864509 }, "geometry": { "type": "Point", "coordinates": [ 78.5441633, 17.3646867 ] } },
{ "type": "Feature", "properties": { "element": "node", "id": 6490913751 }, "geometry": { "type": "Point", "coordinates": [ 78.4011693, 17.4912076 ] } },
{ "type": "Feature", "properties": { "element": "node", "id": 6490943594 }, "geometry": { "type": "Point", "coordinates": [ 78.2650553, 17.531698 ] } },
{ "type": "Feature", "properties": { "element": "node", "id": 6490973815 }, "geometry": { "type": "Point", "coordinates": [ 78.4577723, 17.417401 ] } },
{ "type": "Feature", "properties": { "element": "node", "id": 6491342836 }, "geometry": { "type": "Point", "coordinates": [ 78.5434699, 17.410791 ] } },
{ "type": "Feature", "properties": { "element": "node", "id": 6491348622 }, "geometry": { "type": "Point", "coordinates": [ 78.4961886, 17.4364471 ] } },
{ "type": "Feature", "properties": { "element": "node", "id": 6491359724 }, "geometry": { "type": "Point", "coordinates": [ 78.5129283, 17.49926 ] } },
{ "type": "Feature", "properties": { "element": "node", "id": 6491362879 }, "geometry": { "type": "Point", "coordinates": [ 78.5095339, 17.3937202 ] } },
{ "type": "Feature", "properties": { "element": "node", "id": 6491365368 }, "geometry": { "type": "Point", "coordinates": [ 78.4017017, 17.4932836 ] } },
{ "type": "Feature", "properties": { "element": "node", "id": 6493336766 }, "geometry": { "type": "Point", "coordinates": [ 78.4455183, 17.3926842 ] } },
{ "type": "Feature", "properties": { "element": "node", "id": 6493463498 }, "geometry": { "type": "Point", "coordinates": [ 78.4470136, 17.5141839 ] } },
{ "type": "Feature", "properties": { "element": "node", "id": 6493489981 }, "geometry": { "type": "Point", "coordinates": [ 78.4821191, 17.4047804 ] } },
{ "type": "Feature", "properties": { "element": "node", "id": 6493547008 }, "geometry": { "type": "Point", "coordinates": [ 78.4785913, 17.4593055 ] } },
{ "type": "Feature", "properties": { "element": "node", "id": 6494135269 }, "geometry": { "type": "Point", "coordinates": [ 78.5050875, 17.4711657 ] } },
{ "type": "Feature", "properties": { "element": "node", "id": 6494235890 }, "geometry": { "type": "Point", "coordinates": [ 78.4553486, 17.4312043 ] } },
{ "type": "Feature", "properties": { "element": "node", "id": 6494242172 }, "geometry": { "type": "Point", "coordinates": [ 78.4000562, 17.4936289 ] } },
{ "type": "Feature", "properties": { "element": "node", "id": 6494269592 }, "geometry": { "type": "Point", "coordinates": [ 78.5094488, 17.3512003 ] } },
{ "type": "Feature", "properties": { "element": "node", "id": 6494384142 }, "geometry": { "type": "Point", "coordinates": [ 78.4426578, 17.4078913 ] } },
{ "type": "Feature", "properties": { "element": "node", "id": 6494385067 }, "geometry": { "type": "Point", "coordinates": [ 78.5412021, 17.4173069 ] } },
{ "type": "Feature", "properties": { "element": "node", "id": 6494411875 }, "geometry": { "type": "Point", "coordinates": [ 78.4889916, 17.3962241 ] } },
{ "type": "Feature", "properties": { "element": "node", "id": 6494412250 }, "geometry": { "type": "Point", "coordinates": [ 78.3983745, 17.493721 ] } },
{ "type": "Feature", "properties": { "element": "node", "id": 6494422626 }, "geometry": { "type": "Point", "coordinates": [ 78.504999, 17.4458107 ] } },
{ "type": "Feature", "properties": { "element": "node", "id": 6494447237 }, "geometry": { "type": "Point", "coordinates": [ 78.5339528, 17.3974917 ] } },
{ "type": "Feature", "properties": { "element": "node", "id": 6494458034 }, "geometry": { "type": "Point", "coordinates": [ 78.5432218, 17.3608928 ] } },
{ "type": "Feature", "properties": { "element": "node", "id": 6494465425 }, "geometry": { "type": "Point", "coordinates": [ 78.415377, 17.4953109 ] } },
{ "type": "Feature", "properties": { "element": "node", "id": 6494474204 }, "geometry": { "type": "Point", "coordinates": [ 78.5084336, 17.4097327 ] } },
{ "type": "Feature", "properties": { "element": "node", "id": 6494489670 }, "geometry": { "type": "Point", "coordinates": [ 78.4620085, 17.3655046 ] } },
{ "type": "Feature", "properties": { "element": "node", "id": 6494788582 }, "geometry": { "type": "Point", "coordinates": [ 78.3404388, 17.494784 ] } },
{ "type": "Feature", "properties": { "element": "node", "id": 6494810755 }, "geometry": { "type": "Point", "coordinates": [ 78.4978656, 17.4404883 ] } },
{ "type": "Feature", "properties": { "element": "node", "id": 6494829945 }, "geometry": { "type": "Point", "coordinates": [ 78.5127834, 17.4936174 ] } },
{ "type": "Feature", "properties": { "element": "node", "id": 6494952509 }, "geometry": { "type": "Point", "coordinates": [ 78.4503195, 17.4405861 ] } },
{ "type": "Feature", "properties": { "element": "node", "id": 6494956566 }, "geometry": { "type": "Point", "coordinates": [ 78.3881754, 17.484821 ] } },
{ "type": "Feature", "properties": { "element": "node", "id": 6495015780 }, "geometry": { "type": "Point", "coordinates": [ 78.457375, 17.4260772 ] } },
{ "type": "Feature", "properties": { "element": "node", "id": 6495023719 }, "geometry": { "type": "Point", "coordinates": [ 78.4541865, 17.496063 ] } },
{ "type": "Feature", "properties": { "element": "node", "id": 6495031117 }, "geometry": { "type": "Point", "coordinates": [ 78.4843923, 17.3995642 ] } },
{ "type": "Feature", "properties": { "element": "node", "id": 6495079282 }, "geometry": { "type": "Point", "coordinates": [ 78.5360288, 17.4466174 ] } },
{ "type": "Feature", "properties": { "element": "node", "id": 6495246032 }, "geometry": { "type": "Point", "coordinates": [ 78.3208955, 17.4954561 ] } },
{ "type": "Feature", "properties": { "element": "node", "id": 6495284151 }, "geometry": { "type": "Point", "coordinates": [ 78.5572883, 17.3393852 ] } },
{ "type": "Feature", "properties": { "element": "node", "id": 6495303036 }, "geometry": { "type": "Point", "coordinates": [ 78.4849159, 17.39863 ] } },
{ "type": "Feature", "properties": { "element": "node", "id": 6495375554 }, "geometry": { "type": "Point", "coordinates": [ 78.5047261, 17.3601882 ] } },
{ "type": "Feature", "properties": { "element": "node", "id": 6496578004 }, "geometry": { "type": "Point", "coordinates": [ 78.5440868, 17.4171112 ] } },
{ "type": "Feature", "properties": { "element": "node", "id": 6496590575 }, "geometry": { "type": "Point", "coordinates": [ 78.40619310000001, 17.4301078 ] } },
{ "type": "Feature", "properties": { "element": "node", "id": 6496690608 }, "geometry": { "type": "Point", "coordinates": [ 78.4759131, 17.40665 ] } },
{ "type": "Feature", "properties": { "element": "node", "id": 6496708723 }, "geometry": { "type": "Point", "coordinates": [ 78.5576695, 17.459459 ] } },
{ "type": "Feature", "properties": { "element": "node", "id": 6496826427 }, "geometry": { "type": "Point", "coordinates": [ 78.4778255, 17.4055917 ] } },
{ "type": "Feature", "properties": { "element": "node", "id": 6496837455 }, "geometry": { "type": "Point", "coordinates": [ 78.4942286, 17.3863466 ] } },
{ "type": "Feature", "properties": { "element": "node", "id": 6496852838 }, "geometry": { "type": "Point", "coordinates": [ 78.5374282, 17.4825173 ] } },
{ "type": "Feature", "properties": { "element": "node", "id": 6496875044 }, "geometry": { "type": "Point", "coordinates": [ 78.421019, 17.379978 ] } },
{ "type": "Feature", "properties": { "element": "node", "id": 6496877818 }, "geometry": { "type": "Point", "coordinates": [ 78.5546158, 17.3446309 ] } },
{ "type": "Feature", "properties": { "element": "node", "id": 6496885010 }, "geometry": { "type": "Point", "coordinates": [ 78.3970112, 17.4917263 ] } },
{ "type": "Feature", "properties": { "element": "node", "id": 6496903933 }, "geometry": { "type": "Point", "coordinates": [ 78.5558448, 17.4782302 ] } },
{ "type": "Feature", "properties": { "element": "node", "id": 6496907674 }, "geometry": { "type": "Point", "coordinates": [ 78.4757126, 17.3913737 ] } },
{ "type": "Feature", "properties": { "element": "node", "id": 6496916240 }, "geometry": { "type": "Point", "coordinates": [ 78.4524706, 17.4376427 ] } },
{ "type": "Feature", "properties": { "element": "node", "id": 6496940849 }, "geometry": { "type": "Point", "coordinates": [ 78.5429897, 17.4348983 ] } },
{ "type": "Feature", "properties": { "element": "node", "id": 6496953497 }, "geometry": { "type": "Point", "coordinates": [ 78.513371500000019, 17.4465502 ] } },
{ "type": "Feature", "properties": { "element": "node", "id": 6496960846 }, "geometry": { "type": "Point", "coordinates": [ 78.508915, 17.4478066 ] } },
{ "type": "Feature", "properties": { "element": "node", "id": 6496965130 }, "geometry": { "type": "Point", "coordinates": [ 78.3225725, 17.4947378 ] } },
{ "type": "Feature", "properties": { "element": "node", "id": 6496972191 }, "geometry": { "type": "Point", "coordinates": [ 78.4958902, 17.3737769 ] } },
{ "type": "Feature", "properties": { "element": "node", "id": 6496972211 }, "geometry": { "type": "Point", "coordinates": [ 78.4780816, 17.3586618 ] } },
{ "type": "Feature", "properties": { "element": "node", "id": 6497026146 }, "geometry": { "type": "Point", "coordinates": [ 78.3144481, 17.4982349 ] } },
{ "type": "Feature", "properties": { "element": "node", "id": 6497138970 }, "geometry": { "type": "Point", "coordinates": [ 78.4508921, 17.4299888 ] } },
{ "type": "Feature", "properties": { "element": "node", "id": 6497172349 }, "geometry": { "type": "Point", "coordinates": [ 78.5189867, 17.3692242 ] } },
{ "type": "Feature", "properties": { "element": "node", "id": 6497294673 }, "geometry": { "type": "Point", "coordinates": [ 78.4908745, 17.4416577 ] } },
{ "type": "Feature", "properties": { "element": "node", "id": 6497341385 }, "geometry": { "type": "Point", "coordinates": [ 78.3847817, 17.4440464 ] } },
{ "type": "Feature", "properties": { "element": "node", "id": 6497354554 }, "geometry": { "type": "Point", "coordinates": [ 78.5441056, 17.4097647 ] } },
{ "type": "Feature", "properties": { "element": "node", "id": 6497360893 }, "geometry": { "type": "Point", "coordinates": [ 78.5398865, 17.4938323 ] } },
{ "type": "Feature", "properties": { "element": "node", "id": 6497362076 }, "geometry": { "type": "Point", "coordinates": [ 78.4462573, 17.4373484 ] } },
{ "type": "Feature", "properties": { "element": "node", "id": 6497366546 }, "geometry": { "type": "Point", "coordinates": [ 78.5302003, 17.3937938 ] } },
{ "type": "Feature", "properties": { "element": "node", "id": 6497369555 }, "geometry": { "type": "Point", "coordinates": [ 78.4531264, 17.4292454 ] } },
{ "type": "Feature", "properties": { "element": "node", "id": 6497391583 }, "geometry": { "type": "Point", "coordinates": [ 78.4626402, 17.3648685 ] } },
{ "type": "Feature", "properties": { "element": "node", "id": 6497571978 }, "geometry": { "type": "Point", "coordinates": [ 78.5343739, 17.3688485 ] } },
{ "type": "Feature", "properties": { "element": "node", "id": 6497577133 }, "geometry": { "type": "Point", "coordinates": [ 78.5167946, 17.3446513 ] } },
{ "type": "Feature", "properties": { "element": "node", "id": 6497611600 }, "geometry": { "type": "Point", "coordinates": [ 78.5425988, 17.43595 ] } },
{ "type": "Feature", "properties": { "element": "node", "id": 6497614668 }, "geometry": { "type": "Point", "coordinates": [ 78.4267851, 17.3910723 ] } },
{ "type": "Feature", "properties": { "element": "node", "id": 6497866894 }, "geometry": { "type": "Point", "coordinates": [ 78.4826327, 17.3621837 ] } },
{ "type": "Feature", "properties": { "element": "node", "id": 6497913444 }, "geometry": { "type": "Point", "coordinates": [ 78.5203962, 17.3682105 ] } },
{ "type": "Feature", "properties": { "element": "node", "id": 6498004164 }, "geometry": { "type": "Point", "coordinates": [ 78.476577, 17.4052775 ] } },
{ "type": "Feature", "properties": { "element": "node", "id": 6498013229 }, "geometry": { "type": "Point", "coordinates": [ 78.4096652, 17.48489 ] } },
{ "type": "Feature", "properties": { "element": "node", "id": 6498031548 }, "geometry": { "type": "Point", "coordinates": [ 78.5049681, 17.4381142 ] } },
{ "type": "Feature", "properties": { "element": "node", "id": 6498040562 }, "geometry": { "type": "Point", "coordinates": [ 78.5006364, 17.4620995 ] } },
{ "type": "Feature", "properties": { "element": "node", "id": 6498046738 }, "geometry": { "type": "Point", "coordinates": [ 78.5626893, 17.4779001 ] } },
{ "type": "Feature", "properties": { "element": "node", "id": 6502946680 }, "geometry": { "type": "Point", "coordinates": [ 78.4292413, 17.3836628 ] } },
{ "type": "Feature", "properties": { "element": "node", "id": 6502966455 }, "geometry": { "type": "Point", "coordinates": [ 78.4990337, 17.394801 ] } },
{ "type": "Feature", "properties": { "element": "node", "id": 6503081897 }, "geometry": { "type": "Point", "coordinates": [ 78.4989743, 17.3942462 ] } },
{ "type": "Feature", "properties": { "element": "node", "id": 6503086685 }, "geometry": { "type": "Point", "coordinates": [ 78.3268218, 17.4946701 ] } },
{ "type": "Feature", "properties": { "element": "node", "id": 6503106727 }, "geometry": { "type": "Point", "coordinates": [ 78.4904668, 17.4606974 ] } },
{ "type": "Feature", "properties": { "element": "node", "id": 6503145065 }, "geometry": { "type": "Point", "coordinates": [ 78.5147515, 17.3709739 ] } },
{ "type": "Feature", "properties": { "element": "node", "id": 6503155785 }, "geometry": { "type": "Point", "coordinates": [ 78.437772100000018, 17.4517957 ] } },
{ "type": "Feature", "properties": { "element": "node", "id": 6503195186 }, "geometry": { "type": "Point", "coordinates": [ 78.5121296, 17.3502416 ] } },
{ "type": "Feature", "properties": { "element": "node", "id": 6503203211 }, "geometry": { "type": "Point", "coordinates": [ 78.4435281, 17.3935545 ] } },
{ "type": "Feature", "properties": { "element": "node", "id": 6503211364 }, "geometry": { "type": "Point", "coordinates": [ 78.4479502, 17.3988488 ] } },
{ "type": "Feature", "properties": { "element": "node", "id": 6503243743 }, "geometry": { "type": "Point", "coordinates": [ 78.5272627, 17.4491013 ] } },
{ "type": "Feature", "properties": { "element": "node", "id": 6503288232 }, "geometry": { "type": "Point", "coordinates": [ 78.4317237, 17.4490629 ] } },
{ "type": "Feature", "properties": { "element": "node", "id": 6503302425 }, "geometry": { "type": "Point", "coordinates": [ 78.5358477, 17.3674854 ] } },
{ "type": "Feature", "properties": { "element": "node", "id": 6503370083 }, "geometry": { "type": "Point", "coordinates": [ 78.4324291, 17.4448064 ] } },
{ "type": "Feature", "properties": { "element": "node", "id": 6503384572 }, "geometry": { "type": "Point", "coordinates": [ 78.4832785, 17.4660729 ] } },
{ "type": "Feature", "properties": { "element": "node", "id": 6503394122 }, "geometry": { "type": "Point", "coordinates": [ 78.5525036, 17.4820222 ] } },
{ "type": "Feature", "properties": { "element": "node", "id": 6503410509 }, "geometry": { "type": "Point", "coordinates": [ 78.4849957, 17.4713934 ] } },
{ "type": "Feature", "properties": { "element": "node", "id": 6503431340 }, "geometry": { "type": "Point", "coordinates": [ 78.4203096, 17.3763547 ] } },
{ "type": "Feature", "properties": { "element": "node", "id": 6503431563 }, "geometry": { "type": "Point", "coordinates": [ 78.4465805, 17.5119189 ] } },
{ "type": "Feature", "properties": { "element": "node", "id": 6503438537 }, "geometry": { "type": "Point", "coordinates": [ 78.4568185, 17.393511 ] } },
{ "type": "Feature", "properties": { "element": "node", "id": 6503446084 }, "geometry": { "type": "Point", "coordinates": [ 78.5713568, 17.4727007 ] } },
{ "type": "Feature", "properties": { "element": "node", "id": 6503655627 }, "geometry": { "type": "Point", "coordinates": [ 78.432400900000019, 17.4116829 ] } },
{ "type": "Feature", "properties": { "element": "node", "id": 6503660417 }, "geometry": { "type": "Point", "coordinates": [ 78.5665409, 17.4002489 ] } },
{ "type": "Feature", "properties": { "element": "node", "id": 6503669088 }, "geometry": { "type": "Point", "coordinates": [ 78.5709384, 17.4748831 ] } },
{ "type": "Feature", "properties": { "element": "node", "id": 6503723809 }, "geometry": { "type": "Point", "coordinates": [ 78.4961564, 17.3920533 ] } },
{ "type": "Feature", "properties": { "element": "node", "id": 6503747239 }, "geometry": { "type": "Point", "coordinates": [ 78.4496157, 17.4075461 ] } },
{ "type": "Feature", "properties": { "element": "node", "id": 6503755850 }, "geometry": { "type": "Point", "coordinates": [ 78.3232471, 17.4943913 ] } },
{ "type": "Feature", "properties": { "element": "node", "id": 6503794648 }, "geometry": { "type": "Point", "coordinates": [ 78.5492826, 17.3453352 ] } },
{ "type": "Feature", "properties": { "element": "node", "id": 6504077179 }, "geometry": { "type": "Point", "coordinates": [ 78.5304907, 17.3946084 ] } },
{ "type": "Feature", "properties": { "element": "node", "id": 6504097065 }, "geometry": { "type": "Point", "coordinates": [ 78.424402, 17.4514829 ] } },
{ "type": "Feature", "properties": { "element": "node", "id": 6504107685 }, "geometry": { "type": "Point", "coordinates": [ 78.4819903, 17.467585 ] } },
{ "type": "Feature", "properties": { "element": "node", "id": 6504110557 }, "geometry": { "type": "Point", "coordinates": [ 78.3841534, 17.4997851 ] } },
{ "type": "Feature", "properties": { "element": "node", "id": 6504123689 }, "geometry": { "type": "Point", "coordinates": [ 78.5136256, 17.398678 ] } },
{ "type": "Feature", "properties": { "element": "node", "id": 6504150659 }, "geometry": { "type": "Point", "coordinates": [ 78.5099286, 17.3941335 ] } },
{ "type": "Feature", "properties": { "element": "node", "id": 6504154905 }, "geometry": { "type": "Point", "coordinates": [ 78.4093373, 17.4920026 ] } },
{ "type": "Feature", "properties": { "element": "node", "id": 6504255627 }, "geometry": { "type": "Point", "coordinates": [ 78.4492117, 17.4407735 ] } },
{ "type": "Feature", "properties": { "element": "node", "id": 6504261883 }, "geometry": { "type": "Point", "coordinates": [ 78.3899282, 17.4853224 ] } },
{ "type": "Feature", "properties": { "element": "node", "id": 6504269305 }, "geometry": { "type": "Point", "coordinates": [ 78.4510457, 17.4251451 ] } },
{ "type": "Feature", "properties": { "element": "node", "id": 6504284028 }, "geometry": { "type": "Point", "coordinates": [ 78.4053522, 17.494147 ] } },
{ "type": "Feature", "properties": { "element": "node", "id": 6504286989 }, "geometry": { "type": "Point", "coordinates": [ 78.4523016, 17.4575848 ] } },
{ "type": "Feature", "properties": { "element": "node", "id": 6505167632 }, "geometry": { "type": "Point", "coordinates": [ 78.5666549, 17.4004716 ] } },
{ "type": "Feature", "properties": { "element": "node", "id": 6505170700 }, "geometry": { "type": "Point", "coordinates": [ 78.3600202, 17.4947648 ] } },
{ "type": "Feature", "properties": { "element": "node", "id": 6505184710 }, "geometry": { "type": "Point", "coordinates": [ 78.4842937, 17.3978302 ] } },
{ "type": "Feature", "properties": { "element": "node", "id": 6505187568 }, "geometry": { "type": "Point", "coordinates": [ 78.5005438, 17.3702559 ] } },
{ "type": "Feature", "properties": { "element": "node", "id": 6505207797 }, "geometry": { "type": "Point", "coordinates": [ 78.509658, 17.3727325 ] } },
{ "type": "Feature", "properties": { "element": "node", "id": 6505218409 }, "geometry": { "type": "Point", "coordinates": [ 78.450332900000021, 17.4305671 ] } },
{ "type": "Feature", "properties": { "element": "node", "id": 6505303419 }, "geometry": { "type": "Point", "coordinates": [ 78.5008154, 17.3710405 ] } },
{ "type": "Feature", "properties": { "element": "node", "id": 6505307085 }, "geometry": { "type": "Point", "coordinates": [ 78.4837787, 17.4759595 ] } },
{ "type": "Feature", "properties": { "element": "node", "id": 6505322583 }, "geometry": { "type": "Point", "coordinates": [ 78.456794300000013, 17.3452876 ] } },
{ "type": "Feature", "properties": { "element": "node", "id": 6505329556 }, "geometry": { "type": "Point", "coordinates": [ 78.5575941, 17.3398185 ] } },
{ "type": "Feature", "properties": { "element": "node", "id": 6505352702 }, "geometry": { "type": "Point", "coordinates": [ 78.4728447, 17.3967872 ] } },
{ "type": "Feature", "properties": { "element": "node", "id": 6505370525 }, "geometry": { "type": "Point", "coordinates": [ 78.5077295, 17.3724317 ] } },
{ "type": "Feature", "properties": { "element": "node", "id": 6505386986 }, "geometry": { "type": "Point", "coordinates": [ 78.5358806, 17.3719492 ] } },
{ "type": "Feature", "properties": { "element": "node", "id": 6505444434 }, "geometry": { "type": "Point", "coordinates": [ 78.4016588, 17.4948223 ] } },
{ "type": "Feature", "properties": { "element": "node", "id": 6505447806 }, "geometry": { "type": "Point", "coordinates": [ 78.5630205, 17.4776666 ] } },
{ "type": "Feature", "properties": { "element": "node", "id": 6505485733 }, "geometry": { "type": "Point", "coordinates": [ 78.3890216, 17.4858827 ] } },
{ "type": "Feature", "properties": { "element": "node", "id": 6505499664 }, "geometry": { "type": "Point", "coordinates": [ 78.5168678, 17.3689017 ] } },
{ "type": "Feature", "properties": { "element": "node", "id": 6505503898 }, "geometry": { "type": "Point", "coordinates": [ 78.5034782, 17.45035 ] } },
{ "type": "Feature", "properties": { "element": "node", "id": 6505507940 }, "geometry": { "type": "Point", "coordinates": [ 78.4271117, 17.4299337 ] } },
{ "type": "Feature", "properties": { "element": "node", "id": 6505516403 }, "geometry": { "type": "Point", "coordinates": [ 78.4367287, 17.3837869 ] } },
{ "type": "Feature", "properties": { "element": "node", "id": 6505528362 }, "geometry": { "type": "Point", "coordinates": [ 78.4843661, 17.3982154 ] } },
{ "type": "Feature", "properties": { "element": "node", "id": 6505550308 }, "geometry": { "type": "Point", "coordinates": [ 78.5095681, 17.503255 ] } },
{ "type": "Feature", "properties": { "element": "node", "id": 6505556901 }, "geometry": { "type": "Point", "coordinates": [ 78.5100617, 17.4030515 ] } },
{ "type": "Feature", "properties": { "element": "node", "id": 6505570504 }, "geometry": { "type": "Point", "coordinates": [ 78.5007772, 17.4591328 ] } },
{ "type": "Feature", "properties": { "element": "node", "id": 6505593241 }, "geometry": { "type": "Point", "coordinates": [ 78.5314, 17.3900901 ] } },
{ "type": "Feature", "properties": { "element": "node", "id": 6505593801 }, "geometry": { "type": "Point", "coordinates": [ 78.4801885, 17.3855301 ] } },
{ "type": "Feature", "properties": { "element": "node", "id": 6505613357 }, "geometry": { "type": "Point", "coordinates": [ 78.5324286, 17.4261322 ] } },
{ "type": "Feature", "properties": { "element": "node", "id": 6505671806 }, "geometry": { "type": "Point", "coordinates": [ 78.5541297, 17.4811326 ] } },
{ "type": "Feature", "properties": { "element": "node", "id": 6506106769 }, "geometry": { "type": "Point", "coordinates": [ 78.4849052, 17.4486471 ] } },
{ "type": "Feature", "properties": { "element": "node", "id": 6507398572 }, "geometry": { "type": "Point", "coordinates": [ 78.4027465, 17.495206 ] } },
{ "type": "Feature", "properties": { "element": "node", "id": 6507570343 }, "geometry": { "type": "Point", "coordinates": [ 78.5043204, 17.4422795 ] } },
{ "type": "Feature", "properties": { "element": "node", "id": 6507652189 }, "geometry": { "type": "Point", "coordinates": [ 78.4013115, 17.4915108 ] } },
{ "type": "Feature", "properties": { "element": "node", "id": 6507797498 }, "geometry": { "type": "Point", "coordinates": [ 78.4914961, 17.4004729 ] } },
{ "type": "Feature", "properties": { "element": "node", "id": 6507837294 }, "geometry": { "type": "Point", "coordinates": [ 78.5072333, 17.3403386 ] } },
{ "type": "Feature", "properties": { "element": "node", "id": 6508501597 }, "geometry": { "type": "Point", "coordinates": [ 78.483151, 17.3991381 ] } },
{ "type": "Feature", "properties": { "element": "node", "id": 6508963155 }, "geometry": { "type": "Point", "coordinates": [ 78.4971612, 17.3758914 ] } },
{ "type": "Feature", "properties": { "element": "node", "id": 6510205415 }, "geometry": { "type": "Point", "coordinates": [ 78.5508728, 17.3676268 ] } },
{ "type": "Feature", "properties": { "element": "node", "id": 6510356260 }, "geometry": { "type": "Point", "coordinates": [ 78.4388973, 17.4306004 ] } },
{ "type": "Feature", "properties": { "element": "node", "id": 6510472444 }, "geometry": { "type": "Point", "coordinates": [ 78.5027158, 17.4466871 ] } },
{ "type": "Feature", "properties": { "element": "node", "id": 6510503879 }, "geometry": { "type": "Point", "coordinates": [ 78.450353, 17.4270433 ] } },
{ "type": "Feature", "properties": { "element": "node", "id": 6510681487 }, "geometry": { "type": "Point", "coordinates": [ 78.4755566, 17.4995239 ] } },
{ "type": "Feature", "properties": { "element": "node", "id": 6510820223 }, "geometry": { "type": "Point", "coordinates": [ 78.5032415, 17.4505451 ] } },
{ "type": "Feature", "properties": { "element": "node", "id": 6511011214 }, "geometry": { "type": "Point", "coordinates": [ 78.4831209, 17.5218368 ] } },
{ "type": "Feature", "properties": { "element": "node", "id": 6511165512 }, "geometry": { "type": "Point", "coordinates": [ 78.5288881, 17.345084 ] } },
{ "type": "Feature", "properties": { "element": "node", "id": 6511251151 }, "geometry": { "type": "Point", "coordinates": [ 78.4630345, 17.3995348 ] } },
{ "type": "Feature", "properties": { "element": "node", "id": 6511672655 }, "geometry": { "type": "Point", "coordinates": [ 78.437815, 17.447338 ] } },
{ "type": "Feature", "properties": { "element": "node", "id": 6512526669 }, "geometry": { "type": "Point", "coordinates": [ 78.4481992, 17.4900948 ] } },
{ "type": "Feature", "properties": { "element": "node", "id": 6512822726 }, "geometry": { "type": "Point", "coordinates": [ 78.473135, 17.3662637 ] } },
{ "type": "Feature", "properties": { "element": "node", "id": 6512969319 }, "geometry": { "type": "Point", "coordinates": [ 78.5151807, 17.3497321 ] } },
{ "type": "Feature", "properties": { "element": "node", "id": 6513085407 }, "geometry": { "type": "Point", "coordinates": [ 78.5092865, 17.3512682 ] } },
{ "type": "Feature", "properties": { "element": "node", "id": 6513113356 }, "geometry": { "type": "Point", "coordinates": [ 78.4055095, 17.4961817 ] } },
{ "type": "Feature", "properties": { "element": "node", "id": 6513234521 }, "geometry": { "type": "Point", "coordinates": [ 78.4752171, 17.3854802 ] } },
{ "type": "Feature", "properties": { "element": "node", "id": 6513267731 }, "geometry": { "type": "Point", "coordinates": [ 78.5062201, 17.4504779 ] } },
{ "type": "Feature", "properties": { "element": "node", "id": 6513323438 }, "geometry": { "type": "Point", "coordinates": [ 78.4466797, 17.4314653 ] } },
{ "type": "Feature", "properties": { "element": "node", "id": 6513396181 }, "geometry": { "type": "Point", "coordinates": [ 78.3848655, 17.4016591 ] } },
{ "type": "Feature", "properties": { "element": "node", "id": 6513406843 }, "geometry": { "type": "Point", "coordinates": [ 78.4840006, 17.4002182 ] } },
{ "type": "Feature", "properties": { "element": "node", "id": 6518192361 }, "geometry": { "type": "Point", "coordinates": [ 78.5835349, 17.4183783 ] } },
{ "type": "Feature", "properties": { "element": "node", "id": 6518297217 }, "geometry": { "type": "Point", "coordinates": [ 78.5864131, 17.4090144 ] } },
{ "type": "Feature", "properties": { "element": "node", "id": 6527671224 }, "geometry": { "type": "Point", "coordinates": [ 78.4490681, 17.4322118 ] } },
{ "type": "Feature", "properties": { "element": "node", "id": 6527832466 }, "geometry": { "type": "Point", "coordinates": [ 78.5118319, 17.4174357 ] } },
{ "type": "Feature", "properties": { "element": "node", "id": 6527839627 }, "geometry": { "type": "Point", "coordinates": [ 78.5452451, 17.4150148 ] } },
{ "type": "Feature", "properties": { "element": "node", "id": 6527939380 }, "geometry": { "type": "Point", "coordinates": [ 78.4825905, 17.4403693 ] } },
{ "type": "Feature", "properties": { "element": "node", "id": 6528159744 }, "geometry": { "type": "Point", "coordinates": [ 78.4306334, 17.4498216 ] } },
{ "type": "Feature", "properties": { "element": "node", "id": 6528174730 }, "geometry": { "type": "Point", "coordinates": [ 78.5322341, 17.4266927 ] } },
{ "type": "Feature", "properties": { "element": "node", "id": 6528257924 }, "geometry": { "type": "Point", "coordinates": [ 78.5195889, 17.3473217 ] } },
{ "type": "Feature", "properties": { "element": "node", "id": 6528301302 }, "geometry": { "type": "Point", "coordinates": [ 78.5541491, 17.513096799999989 ] } },
{ "type": "Feature", "properties": { "element": "node", "id": 6528552348 }, "geometry": { "type": "Point", "coordinates": [ 78.5320289, 17.370156 ] } },
{ "type": "Feature", "properties": { "element": "node", "id": 6528554861 }, "geometry": { "type": "Point", "coordinates": [ 78.5201099, 17.3210258 ] } },
{ "type": "Feature", "properties": { "element": "node", "id": 6528602779 }, "geometry": { "type": "Point", "coordinates": [ 78.5732733, 17.3320827 ] } },
{ "type": "Feature", "properties": { "element": "node", "id": 6528604456 }, "geometry": { "type": "Point", "coordinates": [ 78.5620603, 17.3617057 ] } },
{ "type": "Feature", "properties": { "element": "node", "id": 6528608362 }, "geometry": { "type": "Point", "coordinates": [ 78.5469769, 17.4227606 ] } },
{ "type": "Feature", "properties": { "element": "node", "id": 6528632311 }, "geometry": { "type": "Point", "coordinates": [ 78.5278568, 17.3700395 ] } },
{ "type": "Feature", "properties": { "element": "node", "id": 6530719501 }, "geometry": { "type": "Point", "coordinates": [ 78.4685625, 17.3623277 ] } },
{ "type": "Feature", "properties": { "element": "node", "id": 6530722593 }, "geometry": { "type": "Point", "coordinates": [ 78.4024782, 17.4951345 ] } },
{ "type": "Feature", "properties": { "element": "node", "id": 6530741984 }, "geometry": { "type": "Point", "coordinates": [ 78.4335503, 17.5420919 ] } },
{ "type": "Feature", "properties": { "element": "node", "id": 6530750454 }, "geometry": { "type": "Point", "coordinates": [ 78.4928083, 17.3891213 ] } },
{ "type": "Feature", "properties": { "element": "node", "id": 6530758515 }, "geometry": { "type": "Point", "coordinates": [ 78.4897466, 17.3836896 ] } },
{ "type": "Feature", "properties": { "element": "node", "id": 6530772004 }, "geometry": { "type": "Point", "coordinates": [ 78.5685701, 17.4524815 ] } },
{ "type": "Feature", "properties": { "element": "node", "id": 6530792770 }, "geometry": { "type": "Point", "coordinates": [ 78.3994983, 17.4383029 ] } },
{ "type": "Feature", "properties": { "element": "node", "id": 6531290879 }, "geometry": { "type": "Point", "coordinates": [ 78.45148020000002, 17.3903338 ] } },
{ "type": "Feature", "properties": { "element": "node", "id": 6531328860 }, "geometry": { "type": "Point", "coordinates": [ 78.5405564, 17.5019044 ] } },
{ "type": "Feature", "properties": { "element": "node", "id": 6531332945 }, "geometry": { "type": "Point", "coordinates": [ 78.4663644, 17.4458529 ] } },
{ "type": "Feature", "properties": { "element": "node", "id": 6531352585 }, "geometry": { "type": "Point", "coordinates": [ 78.5517687, 17.4273708 ] } },
{ "type": "Feature", "properties": { "element": "node", "id": 6531378729 }, "geometry": { "type": "Point", "coordinates": [ 78.4178258, 17.4293887 ] } },
{ "type": "Feature", "properties": { "element": "node", "id": 6531656648 }, "geometry": { "type": "Point", "coordinates": [ 78.5613281, 17.3208562 ] } },
{ "type": "Feature", "properties": { "element": "node", "id": 6531706878 }, "geometry": { "type": "Point", "coordinates": [ 78.5882561, 17.331248 ] } },
{ "type": "Feature", "properties": { "element": "node", "id": 6531743149 }, "geometry": { "type": "Point", "coordinates": [ 78.5780563, 17.3309842 ] } },
{ "type": "Feature", "properties": { "element": "node", "id": 6531745861 }, "geometry": { "type": "Point", "coordinates": [ 78.5302386, 17.369612 ] } },
{ "type": "Feature", "properties": { "element": "node", "id": 6531874857 }, "geometry": { "type": "Point", "coordinates": [ 78.5346776, 17.3692696 ] } },
{ "type": "Feature", "properties": { "element": "node", "id": 6531924300 }, "geometry": { "type": "Point", "coordinates": [ 78.5699487, 17.3369064 ] } },
{ "type": "Feature", "properties": { "element": "node", "id": 6531941189 }, "geometry": { "type": "Point", "coordinates": [ 78.5692929, 17.3362996 ] } },
{ "type": "Feature", "properties": { "element": "node", "id": 6532106149 }, "geometry": { "type": "Point", "coordinates": [ 78.3088705, 17.5046076 ] } },
{ "type": "Feature", "properties": { "element": "node", "id": 6532116388 }, "geometry": { "type": "Point", "coordinates": [ 78.5128967, 17.3495087 ] } },
{ "type": "Feature", "properties": { "element": "node", "id": 6532260599 }, "geometry": { "type": "Point", "coordinates": [ 78.5292421, 17.3696005 ] } },
{ "type": "Feature", "properties": { "element": "node", "id": 6532261279 }, "geometry": { "type": "Point", "coordinates": [ 78.5261227, 17.3295126 ] } },
{ "type": "Feature", "properties": { "element": "node", "id": 6532267718 }, "geometry": { "type": "Point", "coordinates": [ 78.529845, 17.3444401 ] } },
{ "type": "Feature", "properties": { "element": "node", "id": 6532274757 }, "geometry": { "type": "Point", "coordinates": [ 78.5209313, 17.3693752 ] } },
{ "type": "Feature", "properties": { "element": "node", "id": 6532277404 }, "geometry": { "type": "Point", "coordinates": [ 78.535367, 17.3665529 ] } },
{ "type": "Feature", "properties": { "element": "node", "id": 6532278196 }, "geometry": { "type": "Point", "coordinates": [ 78.3129877, 17.5022005 ] } },
{ "type": "Feature", "properties": { "element": "node", "id": 6532315949 }, "geometry": { "type": "Point", "coordinates": [ 78.5340057, 17.3716433 ] } },
{ "type": "Feature", "properties": { "element": "node", "id": 6532327359 }, "geometry": { "type": "Point", "coordinates": [ 78.5267378, 17.3681674 ] } },
{ "type": "Feature", "properties": { "element": "node", "id": 6532327920 }, "geometry": { "type": "Point", "coordinates": [ 78.5213564, 17.347104 ] } },
{ "type": "Feature", "properties": { "element": "node", "id": 6532335482 }, "geometry": { "type": "Point", "coordinates": [ 78.5299851, 17.3689234 ] } },
{ "type": "Feature", "properties": { "element": "node", "id": 6532342640 }, "geometry": { "type": "Point", "coordinates": [ 78.531298, 17.3334758 ] } },
{ "type": "Feature", "properties": { "element": "node", "id": 6532347117 }, "geometry": { "type": "Point", "coordinates": [ 78.5747552, 17.3358644 ] } },
{ "type": "Feature", "properties": { "element": "node", "id": 6532348899 }, "geometry": { "type": "Point", "coordinates": [ 78.5206215, 17.36803 ] } },
{ "type": "Feature", "properties": { "element": "node", "id": 6532378061 }, "geometry": { "type": "Point", "coordinates": [ 78.5685231, 17.3286133 ] } },
{ "type": "Feature", "properties": { "element": "node", "id": 6532379590 }, "geometry": { "type": "Point", "coordinates": [ 78.5314201, 17.3694424 ] } },
{ "type": "Feature", "properties": { "element": "node", "id": 6536327470 }, "geometry": { "type": "Point", "coordinates": [ 78.5678539, 17.4455011 ] } },
{ "type": "Feature", "properties": { "element": "node", "id": 6536715096 }, "geometry": { "type": "Point", "coordinates": [ 78.3109143, 17.4707013 ] } },
{ "type": "Feature", "properties": { "element": "node", "id": 6536715097 }, "geometry": { "type": "Point", "coordinates": [ 78.3113113, 17.4707742 ] } },
{ "type": "Feature", "properties": { "element": "node", "id": 6536841915 }, "geometry": { "type": "Point", "coordinates": [ 78.3072115, 17.5057043 ] } },
{ "type": "Feature", "properties": { "element": "node", "id": 6536842812 }, "geometry": { "type": "Point", "coordinates": [ 78.4275663, 17.36424 ] } },
{ "type": "Feature", "properties": { "element": "node", "id": 6537106287 }, "geometry": { "type": "Point", "coordinates": [ 78.5226278, 17.3389598 ] } },
{ "type": "Feature", "properties": { "element": "node", "id": 6537138789 }, "geometry": { "type": "Point", "coordinates": [ 78.5319766, 17.3697132 ] } },
{ "type": "Feature", "properties": { "element": "node", "id": 6537169461 }, "geometry": { "type": "Point", "coordinates": [ 78.4487262, 17.4840637 ] } },
{ "type": "Feature", "properties": { "element": "node", "id": 6537199550 }, "geometry": { "type": "Point", "coordinates": [ 78.5448767, 17.3597254 ] } },
{ "type": "Feature", "properties": { "element": "node", "id": 6537210759 }, "geometry": { "type": "Point", "coordinates": [ 78.5296565, 17.344506 ] } },
{ "type": "Feature", "properties": { "element": "node", "id": 6537306558 }, "geometry": { "type": "Point", "coordinates": [ 78.5409902, 17.3740649 ] } },
{ "type": "Feature", "properties": { "element": "node", "id": 6537308259 }, "geometry": { "type": "Point", "coordinates": [ 78.5721809, 17.3314886 ] } },
{ "type": "Feature", "properties": { "element": "node", "id": 6537312322 }, "geometry": { "type": "Point", "coordinates": [ 78.261268, 17.5311596 ] } },
{ "type": "Feature", "properties": { "element": "node", "id": 6537312813 }, "geometry": { "type": "Point", "coordinates": [ 78.6017188, 17.3279207 ] } },
{ "type": "Feature", "properties": { "element": "node", "id": 6537360032 }, "geometry": { "type": "Point", "coordinates": [ 78.3640308, 17.4506967 ] } },
{ "type": "Feature", "properties": { "element": "node", "id": 6537551275 }, "geometry": { "type": "Point", "coordinates": [ 78.2646684, 17.5289972 ] } },
{ "type": "Feature", "properties": { "element": "node", "id": 6538735239 }, "geometry": { "type": "Point", "coordinates": [ 78.4576003, 17.4204484 ] } },
{ "type": "Feature", "properties": { "element": "node", "id": 6538834650 }, "geometry": { "type": "Point", "coordinates": [ 78.4404052, 17.4481728 ] } },
{ "type": "Feature", "properties": { "element": "node", "id": 6538849589 }, "geometry": { "type": "Point", "coordinates": [ 78.5275, 17.3707739 ] } },
{ "type": "Feature", "properties": { "element": "node", "id": 6538983692 }, "geometry": { "type": "Point", "coordinates": [ 78.525652, 17.3674272 ] } },
{ "type": "Feature", "properties": { "element": "node", "id": 6539071275 }, "geometry": { "type": "Point", "coordinates": [ 78.5237382, 17.3587987 ] } },
{ "type": "Feature", "properties": { "element": "node", "id": 6539594008 }, "geometry": { "type": "Point", "coordinates": [ 78.3208144, 17.4795206 ] } },
{ "type": "Feature", "properties": { "element": "node", "id": 6539622879 }, "geometry": { "type": "Point", "coordinates": [ 78.2848553, 17.5112359 ] } },
{ "type": "Feature", "properties": { "element": "node", "id": 6541386989 }, "geometry": { "type": "Point", "coordinates": [ 78.5214543, 17.3756392 ] } },
{ "type": "Feature", "properties": { "element": "node", "id": 6541517719 }, "geometry": { "type": "Point", "coordinates": [ 78.5158499, 17.4329329 ] } },
{ "type": "Feature", "properties": { "element": "node", "id": 6542441846 }, "geometry": { "type": "Point", "coordinates": [ 78.4631672, 17.3922555 ] } },
{ "type": "Feature", "properties": { "element": "node", "id": 6542741912 }, "geometry": { "type": "Point", "coordinates": [ 78.535576800000015, 17.3576147 ] } },
{ "type": "Feature", "properties": { "element": "node", "id": 6543762746 }, "geometry": { "type": "Point", "coordinates": [ 78.4615204, 17.355084 ] } },
{ "type": "Feature", "properties": { "element": "node", "id": 6543812599 }, "geometry": { "type": "Point", "coordinates": [ 78.4698338, 17.3342065 ] } },
{ "type": "Feature", "properties": { "element": "node", "id": 6543981982 }, "geometry": { "type": "Point", "coordinates": [ 78.4953082, 17.3584115 ] } },
{ "type": "Feature", "properties": { "element": "node", "id": 6543983153 }, "geometry": { "type": "Point", "coordinates": [ 78.4850715, 17.4060677 ] } },
{ "type": "Feature", "properties": { "element": "node", "id": 6544062164 }, "geometry": { "type": "Point", "coordinates": [ 78.4758085, 17.4375378 ] } },
{ "type": "Feature", "properties": { "element": "node", "id": 6544352101 }, "geometry": { "type": "Point", "coordinates": [ 78.4681535, 17.3771226 ] } },
{ "type": "Feature", "properties": { "element": "node", "id": 6545205242 }, "geometry": { "type": "Point", "coordinates": [ 78.402572800000016, 17.385228 ] } },
{ "type": "Feature", "properties": { "element": "node", "id": 6545241016 }, "geometry": { "type": "Point", "coordinates": [ 78.5282457, 17.3861047 ] } },
{ "type": "Feature", "properties": { "element": "node", "id": 6545266305 }, "geometry": { "type": "Point", "coordinates": [ 78.5129142, 17.5175525 ] } },
{ "type": "Feature", "properties": { "element": "node", "id": 6545335606 }, "geometry": { "type": "Point", "coordinates": [ 78.4629862, 17.4198207 ] } },
{ "type": "Feature", "properties": { "element": "node", "id": 6546613527 }, "geometry": { "type": "Point", "coordinates": [ 78.4874765, 17.4200174 ] } },
{ "type": "Feature", "properties": { "element": "node", "id": 6546851783 }, "geometry": { "type": "Point", "coordinates": [ 78.4026083, 17.3852587 ] } },
{ "type": "Feature", "properties": { "element": "node", "id": 6546959634 }, "geometry": { "type": "Point", "coordinates": [ 78.4067537, 17.4087384 ] } },
{ "type": "Feature", "properties": { "element": "node", "id": 6547206093 }, "geometry": { "type": "Point", "coordinates": [ 78.557759, 17.3411496 ] } },
{ "type": "Feature", "properties": { "element": "node", "id": 6547969014 }, "geometry": { "type": "Point", "coordinates": [ 78.5607594, 17.4020034 ] } },
{ "type": "Feature", "properties": { "element": "node", "id": 6548781242 }, "geometry": { "type": "Point", "coordinates": [ 78.3964245, 17.4926185 ] } },
{ "type": "Feature", "properties": { "element": "node", "id": 6548782136 }, "geometry": { "type": "Point", "coordinates": [ 78.3786482, 17.4464363 ] } },
{ "type": "Feature", "properties": { "element": "node", "id": 6548786015 }, "geometry": { "type": "Point", "coordinates": [ 78.3842419, 17.5066316 ] } },
{ "type": "Feature", "properties": { "element": "node", "id": 6548789473 }, "geometry": { "type": "Point", "coordinates": [ 78.5276489, 17.3452377 ] } },
{ "type": "Feature", "properties": { "element": "node", "id": 6548796448 }, "geometry": { "type": "Point", "coordinates": [ 78.4862155, 17.469289 ] } },
{ "type": "Feature", "properties": { "element": "node", "id": 6548797464 }, "geometry": { "type": "Point", "coordinates": [ 78.5576025, 17.3253704 ] } },
{ "type": "Feature", "properties": { "element": "node", "id": 6548807629 }, "geometry": { "type": "Point", "coordinates": [ 78.4425692, 17.4391832 ] } },
{ "type": "Feature", "properties": { "element": "node", "id": 6548823374 }, "geometry": { "type": "Point", "coordinates": [ 78.5523789, 17.4832707 ] } },
{ "type": "Feature", "properties": { "element": "node", "id": 6548826056 }, "geometry": { "type": "Point", "coordinates": [ 78.5060866, 17.4389273 ] } },
{ "type": "Feature", "properties": { "element": "node", "id": 6548828778 }, "geometry": { "type": "Point", "coordinates": [ 78.4297081, 17.3802341 ] } },
{ "type": "Feature", "properties": { "element": "node", "id": 6548833978 }, "geometry": { "type": "Point", "coordinates": [ 78.5522434, 17.3658656 ] } },
{ "type": "Feature", "properties": { "element": "node", "id": 6548846382 }, "geometry": { "type": "Point", "coordinates": [ 78.5521227, 17.3739165 ] } },
{ "type": "Feature", "properties": { "element": "node", "id": 6548854401 }, "geometry": { "type": "Point", "coordinates": [ 78.3672388, 17.4497269 ] } },
{ "type": "Feature", "properties": { "element": "node", "id": 6548859411 }, "geometry": { "type": "Point", "coordinates": [ 78.5250874, 17.3158898 ] } },
{ "type": "Feature", "properties": { "element": "node", "id": 6548861206 }, "geometry": { "type": "Point", "coordinates": [ 78.3709408, 17.5254356 ] } },
{ "type": "Feature", "properties": { "element": "node", "id": 6548866161 }, "geometry": { "type": "Point", "coordinates": [ 78.5959991, 17.4962655 ] } },
{ "type": "Feature", "properties": { "element": "node", "id": 6548874152 }, "geometry": { "type": "Point", "coordinates": [ 78.571436, 17.473687 ] } },
{ "type": "Feature", "properties": { "element": "node", "id": 6548877079 }, "geometry": { "type": "Point", "coordinates": [ 78.6032966, 17.3270322 ] } },
{ "type": "Feature", "properties": { "element": "node", "id": 6548879008 }, "geometry": { "type": "Point", "coordinates": [ 78.4573924, 17.3949495 ] } },
{ "type": "Feature", "properties": { "element": "node", "id": 6548891585 }, "geometry": { "type": "Point", "coordinates": [ 78.5762921, 17.3360462 ] } },
{ "type": "Feature", "properties": { "element": "node", "id": 6548893680 }, "geometry": { "type": "Point", "coordinates": [ 78.4787173, 17.3254576 ] } },
{ "type": "Feature", "properties": { "element": "node", "id": 6548894505 }, "geometry": { "type": "Point", "coordinates": [ 78.4280745, 17.3612589 ] } },
{ "type": "Feature", "properties": { "element": "node", "id": 6548903087 }, "geometry": { "type": "Point", "coordinates": [ 78.4143068, 17.3985564 ] } },
{ "type": "Feature", "properties": { "element": "node", "id": 6548910436 }, "geometry": { "type": "Point", "coordinates": [ 78.5389222, 17.4657813 ] } },
{ "type": "Feature", "properties": { "element": "node", "id": 6548918441 }, "geometry": { "type": "Point", "coordinates": [ 78.5570419, 17.3623879 ] } },
{ "type": "Feature", "properties": { "element": "node", "id": 6548950430 }, "geometry": { "type": "Point", "coordinates": [ 78.570819, 17.3392197 ] } },
{ "type": "Feature", "properties": { "element": "node", "id": 6549022044 }, "geometry": { "type": "Point", "coordinates": [ 78.4897238, 17.4344248 ] } },
{ "type": "Feature", "properties": { "element": "node", "id": 6549028392 }, "geometry": { "type": "Point", "coordinates": [ 78.481999, 17.3932243 ] } },
{ "type": "Feature", "properties": { "element": "node", "id": 6549047002 }, "geometry": { "type": "Point", "coordinates": [ 78.4366462, 17.425154 ] } },
{ "type": "Feature", "properties": { "element": "node", "id": 6549100481 }, "geometry": { "type": "Point", "coordinates": [ 78.4874345, 17.4333724 ] } },
{ "type": "Feature", "properties": { "element": "node", "id": 6549122751 }, "geometry": { "type": "Point", "coordinates": [ 78.4499786, 17.435904 ] } },
{ "type": "Feature", "properties": { "element": "node", "id": 6549122919 }, "geometry": { "type": "Point", "coordinates": [ 78.4788038, 17.5072656 ] } },
{ "type": "Feature", "properties": { "element": "node", "id": 6549133126 }, "geometry": { "type": "Point", "coordinates": [ 78.4590373, 17.3448357 ] } },
{ "type": "Feature", "properties": { "element": "node", "id": 6549138754 }, "geometry": { "type": "Point", "coordinates": [ 78.482795, 17.5246107 ] } },
{ "type": "Feature", "properties": { "element": "node", "id": 6549141042 }, "geometry": { "type": "Point", "coordinates": [ 78.3706122, 17.4951101 ] } },
{ "type": "Feature", "properties": { "element": "node", "id": 6549141640 }, "geometry": { "type": "Point", "coordinates": [ 78.3415653, 17.4944322 ] } },
{ "type": "Feature", "properties": { "element": "node", "id": 6549145505 }, "geometry": { "type": "Point", "coordinates": [ 78.5269153, 17.344755 ] } },
{ "type": "Feature", "properties": { "element": "node", "id": 6549145506 }, "geometry": { "type": "Point", "coordinates": [ 78.4416855, 17.4205712 ] } },
{ "type": "Feature", "properties": { "element": "node", "id": 6549150687 }, "geometry": { "type": "Point", "coordinates": [ 78.4472376, 17.5162288 ] } },
{ "type": "Feature", "properties": { "element": "node", "id": 6549150740 }, "geometry": { "type": "Point", "coordinates": [ 78.3461505, 17.494321 ] } },
{ "type": "Feature", "properties": { "element": "node", "id": 6549152212 }, "geometry": { "type": "Point", "coordinates": [ 78.4284984, 17.3632928 ] } },
{ "type": "Feature", "properties": { "element": "node", "id": 6549158450 }, "geometry": { "type": "Point", "coordinates": [ 78.5173801, 17.3203965 ] } },
{ "type": "Feature", "properties": { "element": "node", "id": 6549159475 }, "geometry": { "type": "Point", "coordinates": [ 78.4399192, 17.4366563 ] } },
{ "type": "Feature", "properties": { "element": "node", "id": 6549162107 }, "geometry": { "type": "Point", "coordinates": [ 78.433091, 17.4246755 ] } },
{ "type": "Feature", "properties": { "element": "node", "id": 6549162110 }, "geometry": { "type": "Point", "coordinates": [ 78.4801617, 17.4055156 ] } },
{ "type": "Feature", "properties": { "element": "node", "id": 6549172458 }, "geometry": { "type": "Point", "coordinates": [ 78.5322033, 17.426232 ] } },
{ "type": "Feature", "properties": { "element": "node", "id": 6549176002 }, "geometry": { "type": "Point", "coordinates": [ 78.4273417, 17.3696216 ] } },
{ "type": "Feature", "properties": { "element": "node", "id": 6549183267 }, "geometry": { "type": "Point", "coordinates": [ 78.4614305, 17.5084337 ] } },
{ "type": "Feature", "properties": { "element": "node", "id": 6549184413 }, "geometry": { "type": "Point", "coordinates": [ 78.385505200000011, 17.4448396 ] } },
{ "type": "Feature", "properties": { "element": "node", "id": 6549186461 }, "geometry": { "type": "Point", "coordinates": [ 78.4712635, 17.3910435 ] } },
{ "type": "Feature", "properties": { "element": "node", "id": 6549189965 }, "geometry": { "type": "Point", "coordinates": [ 78.4422313, 17.3893119 ] } },
{ "type": "Feature", "properties": { "element": "node", "id": 6549190771 }, "geometry": { "type": "Point", "coordinates": [ 78.348083, 17.4921363 ] } },
{ "type": "Feature", "properties": { "element": "node", "id": 6549196760 }, "geometry": { "type": "Point", "coordinates": [ 78.3915214, 17.4885611 ] } },
{ "type": "Feature", "properties": { "element": "node", "id": 6549197262 }, "geometry": { "type": "Point", "coordinates": [ 78.5179152, 17.4185789 ] } },
{ "type": "Feature", "properties": { "element": "node", "id": 6549197557 }, "geometry": { "type": "Point", "coordinates": [ 78.4180733, 17.3529175 ] } },
{ "type": "Feature", "properties": { "element": "node", "id": 6549198596 }, "geometry": { "type": "Point", "coordinates": [ 78.3669068, 17.4620023 ] } },
{ "type": "Feature", "properties": { "element": "node", "id": 6549203906 }, "geometry": { "type": "Point", "coordinates": [ 78.428177800000014, 17.3619565 ] } },
{ "type": "Feature", "properties": { "element": "node", "id": 6549206565 }, "geometry": { "type": "Point", "coordinates": [ 78.557235, 17.3230275 ] } },
{ "type": "Feature", "properties": { "element": "node", "id": 6549206566 }, "geometry": { "type": "Point", "coordinates": [ 78.5086575, 17.470118 ] } },
{ "type": "Feature", "properties": { "element": "node", "id": 6549209512 }, "geometry": { "type": "Point", "coordinates": [ 78.5427846, 17.4183281 ] } },
{ "type": "Feature", "properties": { "element": "node", "id": 6549210041 }, "geometry": { "type": "Point", "coordinates": [ 78.5484628, 17.344508 ] } },
{ "type": "Feature", "properties": { "element": "node", "id": 6549211440 }, "geometry": { "type": "Point", "coordinates": [ 78.4473536, 17.4160331 ] } },
{ "type": "Feature", "properties": { "element": "node", "id": 6549215300 }, "geometry": { "type": "Point", "coordinates": [ 78.4981728, 17.45558 ] } },
{ "type": "Feature", "properties": { "element": "node", "id": 6549219226 }, "geometry": { "type": "Point", "coordinates": [ 78.4398817, 17.4288986 ] } },
{ "type": "Feature", "properties": { "element": "node", "id": 6549219227 }, "geometry": { "type": "Point", "coordinates": [ 78.4777518, 17.4691425 ] } },
{ "type": "Feature", "properties": { "element": "node", "id": 6549236738 }, "geometry": { "type": "Point", "coordinates": [ 78.4847268, 17.3985583 ] } },
{ "type": "Feature", "properties": { "element": "node", "id": 6549287021 }, "geometry": { "type": "Point", "coordinates": [ 78.3213112, 17.4954081 ] } },
{ "type": "Feature", "properties": { "element": "node", "id": 6549290634 }, "geometry": { "type": "Point", "coordinates": [ 78.4307253, 17.3942641 ] } },
{ "type": "Feature", "properties": { "element": "node", "id": 6549292101 }, "geometry": { "type": "Point", "coordinates": [ 78.5520463, 17.3482504 ] } },
{ "type": "Feature", "properties": { "element": "node", "id": 6549292128 }, "geometry": { "type": "Point", "coordinates": [ 78.4005457, 17.4887428 ] } },
{ "type": "Feature", "properties": { "element": "node", "id": 6549295174 }, "geometry": { "type": "Point", "coordinates": [ 78.5301608, 17.3690962 ] } },
{ "type": "Feature", "properties": { "element": "node", "id": 6549296470 }, "geometry": { "type": "Point", "coordinates": [ 78.4295377, 17.3753068 ] } },
{ "type": "Feature", "properties": { "element": "node", "id": 6549298910 }, "geometry": { "type": "Point", "coordinates": [ 78.5470426, 17.3542853 ] } },
{ "type": "Feature", "properties": { "element": "node", "id": 6549301063 }, "geometry": { "type": "Point", "coordinates": [ 78.536071, 17.3984982 ] } },
{ "type": "Feature", "properties": { "element": "node", "id": 6549313395 }, "geometry": { "type": "Point", "coordinates": [ 78.5893062, 17.5015719 ] } },
{ "type": "Feature", "properties": { "element": "node", "id": 6549314900 }, "geometry": { "type": "Point", "coordinates": [ 78.4008153, 17.4893785 ] } },
{ "type": "Feature", "properties": { "element": "node", "id": 6549315980 }, "geometry": { "type": "Point", "coordinates": [ 78.4754223, 17.4058342 ] } },
{ "type": "Feature", "properties": { "element": "node", "id": 6549320016 }, "geometry": { "type": "Point", "coordinates": [ 78.5676406, 17.4714919 ] } },
{ "type": "Feature", "properties": { "element": "node", "id": 6549322814 }, "geometry": { "type": "Point", "coordinates": [ 78.5160054, 17.5064398 ] } },
{ "type": "Feature", "properties": { "element": "node", "id": 6549324353 }, "geometry": { "type": "Point", "coordinates": [ 78.5708083, 17.3355392 ] } },
{ "type": "Feature", "properties": { "element": "node", "id": 6549328685 }, "geometry": { "type": "Point", "coordinates": [ 78.4562123, 17.4635323 ] } },
{ "type": "Feature", "properties": { "element": "node", "id": 6549328982 }, "geometry": { "type": "Point", "coordinates": [ 78.5211218, 17.346624 ] } },
{ "type": "Feature", "properties": { "element": "node", "id": 6549331502 }, "geometry": { "type": "Point", "coordinates": [ 78.4338641, 17.4161502 ] } },
{ "type": "Feature", "properties": { "element": "node", "id": 6549332628 }, "geometry": { "type": "Point", "coordinates": [ 78.5010025, 17.3726148 ] } },
{ "type": "Feature", "properties": { "element": "node", "id": 6549335308 }, "geometry": { "type": "Point", "coordinates": [ 78.4096941, 17.4915939 ] } },
{ "type": "Feature", "properties": { "element": "node", "id": 6549338256 }, "geometry": { "type": "Point", "coordinates": [ 78.477497, 17.4997723 ] } },
{ "type": "Feature", "properties": { "element": "node", "id": 6549341748 }, "geometry": { "type": "Point", "coordinates": [ 78.5470144, 17.4230318 ] } },
{ "type": "Feature", "properties": { "element": "node", "id": 6549343859 }, "geometry": { "type": "Point", "coordinates": [ 78.4582441, 17.4183012 ] } },
{ "type": "Feature", "properties": { "element": "node", "id": 6549348757 }, "geometry": { "type": "Point", "coordinates": [ 78.3977428, 17.4925596 ] } },
{ "type": "Feature", "properties": { "element": "node", "id": 6549349841 }, "geometry": { "type": "Point", "coordinates": [ 78.3432363, 17.4947571 ] } },
{ "type": "Feature", "properties": { "element": "node", "id": 6549350559 }, "geometry": { "type": "Point", "coordinates": [ 78.3880024, 17.4992274 ] } },
{ "type": "Feature", "properties": { "element": "node", "id": 6549356692 }, "geometry": { "type": "Point", "coordinates": [ 78.519841, 17.3198217 ] } },
{ "type": "Feature", "properties": { "element": "node", "id": 6549358302 }, "geometry": { "type": "Point", "coordinates": [ 78.4541658, 17.4955297 ] } },
{ "type": "Feature", "properties": { "element": "node", "id": 6549358836 }, "geometry": { "type": "Point", "coordinates": [ 78.4803766, 17.4392005 ] } },
{ "type": "Feature", "properties": { "element": "node", "id": 6549364392 }, "geometry": { "type": "Point", "coordinates": [ 78.5358068, 17.3673811 ] } },
{ "type": "Feature", "properties": { "element": "node", "id": 6549366073 }, "geometry": { "type": "Point", "coordinates": [ 78.4244857, 17.4137266 ] } },
{ "type": "Feature", "properties": { "element": "node", "id": 6549371813 }, "geometry": { "type": "Point", "coordinates": [ 78.530836, 17.368126 ] } },
{ "type": "Feature", "properties": { "element": "node", "id": 6549374700 }, "geometry": { "type": "Point", "coordinates": [ 78.4985831, 17.3739817 ] } },
{ "type": "Feature", "properties": { "element": "node", "id": 6549378688 }, "geometry": { "type": "Point", "coordinates": [ 78.5292422, 17.3458905 ] } },
{ "type": "Feature", "properties": { "element": "node", "id": 6549381430 }, "geometry": { "type": "Point", "coordinates": [ 78.4786342, 17.4566496 ] } },
{ "type": "Feature", "properties": { "element": "node", "id": 6549400717 }, "geometry": { "type": "Point", "coordinates": [ 78.3715081, 17.4194759 ] } },
{ "type": "Feature", "properties": { "element": "node", "id": 6549420102 }, "geometry": { "type": "Point", "coordinates": [ 78.441287100000011, 17.4070512 ] } },
{ "type": "Feature", "properties": { "element": "node", "id": 6549431958 }, "geometry": { "type": "Point", "coordinates": [ 78.3967075, 17.4910196 ] } },
{ "type": "Feature", "properties": { "element": "node", "id": 6549437828 }, "geometry": { "type": "Point", "coordinates": [ 78.3452386, 17.496072 ] } },
{ "type": "Feature", "properties": { "element": "node", "id": 6549439100 }, "geometry": { "type": "Point", "coordinates": [ 78.559704, 17.3960244 ] } },
{ "type": "Feature", "properties": { "element": "node", "id": 6549439330 }, "geometry": { "type": "Point", "coordinates": [ 78.396851, 17.490815 ] } },
{ "type": "Feature", "properties": { "element": "node", "id": 6549440030 }, "geometry": { "type": "Point", "coordinates": [ 78.444988600000016, 17.5171414 ] } },
{ "type": "Feature", "properties": { "element": "node", "id": 6552123431 }, "geometry": { "type": "Point", "coordinates": [ 78.2847266, 17.5099953 ] } },
{ "type": "Feature", "properties": { "element": "node", "id": 6556728347 }, "geometry": { "type": "Point", "coordinates": [ 78.2667411, 17.5301584 ] } },
{ "type": "Feature", "properties": { "element": "node", "id": 6559228898 }, "geometry": { "type": "Point", "coordinates": [ 78.4473006, 17.5162813 ] } },
{ "type": "Feature", "properties": { "element": "node", "id": 6559245433 }, "geometry": { "type": "Point", "coordinates": [ 78.5008469, 17.3722481 ] } },
{ "type": "Feature", "properties": { "element": "node", "id": 6559309139 }, "geometry": { "type": "Point", "coordinates": [ 78.4406219, 17.3918869 ] } },
{ "type": "Feature", "properties": { "element": "node", "id": 6559338844 }, "geometry": { "type": "Point", "coordinates": [ 78.4236932, 17.4401185 ] } },
{ "type": "Feature", "properties": { "element": "node", "id": 6559691339 }, "geometry": { "type": "Point", "coordinates": [ 78.5041971, 17.4231212 ] } },
{ "type": "Feature", "properties": { "element": "node", "id": 6559986603 }, "geometry": { "type": "Point", "coordinates": [ 78.497702, 17.4150151 ] } },
{ "type": "Feature", "properties": { "element": "node", "id": 6560362897 }, "geometry": { "type": "Point", "coordinates": [ 78.5170314, 17.4722792 ] } },
{ "type": "Feature", "properties": { "element": "node", "id": 6560524869 }, "geometry": { "type": "Point", "coordinates": [ 78.4740262, 17.3728426 ] } },
{ "type": "Feature", "properties": { "element": "node", "id": 6560815058 }, "geometry": { "type": "Point", "coordinates": [ 78.4256515, 17.4562216 ] } },
{ "type": "Feature", "properties": { "element": "node", "id": 6561022554 }, "geometry": { "type": "Point", "coordinates": [ 78.4738019, 17.3568423 ] } },
{ "type": "Feature", "properties": { "element": "node", "id": 6561161964 }, "geometry": { "type": "Point", "coordinates": [ 78.4370834, 17.43034 ] } },
{ "type": "Feature", "properties": { "element": "node", "id": 6561169422 }, "geometry": { "type": "Point", "coordinates": [ 78.5706618, 17.3349862 ] } },
{ "type": "Feature", "properties": { "element": "node", "id": 6561171891 }, "geometry": { "type": "Point", "coordinates": [ 78.5078877, 17.4711388 ] } },
{ "type": "Feature", "properties": { "element": "node", "id": 6561211170 }, "geometry": { "type": "Point", "coordinates": [ 78.5081814, 17.3455135 ] } },
{ "type": "Feature", "properties": { "element": "node", "id": 6561341420 }, "geometry": { "type": "Point", "coordinates": [ 78.4523928, 17.4963994 ] } },
{ "type": "Feature", "properties": { "element": "node", "id": 6561351099 }, "geometry": { "type": "Point", "coordinates": [ 78.5336658, 17.3316717 ] } },
{ "type": "Feature", "properties": { "element": "node", "id": 6562261140 }, "geometry": { "type": "Point", "coordinates": [ 78.3461183, 17.4953327 ] } },
{ "type": "Feature", "properties": { "element": "node", "id": 6562374170 }, "geometry": { "type": "Point", "coordinates": [ 78.4889225, 17.3944702 ] } },
{ "type": "Feature", "properties": { "element": "node", "id": 6562402576 }, "geometry": { "type": "Point", "coordinates": [ 78.4797553, 17.3929299 ] } },
{ "type": "Feature", "properties": { "element": "node", "id": 6562454569 }, "geometry": { "type": "Point", "coordinates": [ 78.5580665, 17.483593 ] } },
{ "type": "Feature", "properties": { "element": "node", "id": 6562677269 }, "geometry": { "type": "Point", "coordinates": [ 78.3742265, 17.4300284 ] } },
{ "type": "Feature", "properties": { "element": "node", "id": 6562751438 }, "geometry": { "type": "Point", "coordinates": [ 78.5071749, 17.5051697 ] } },
{ "type": "Feature", "properties": { "element": "node", "id": 6563028513 }, "geometry": { "type": "Point", "coordinates": [ 78.5496034, 17.3678054 ] } },
{ "type": "Feature", "properties": { "element": "node", "id": 6563250152 }, "geometry": { "type": "Point", "coordinates": [ 78.4428254, 17.4074076 ] } },
{ "type": "Feature", "properties": { "element": "node", "id": 6563256137 }, "geometry": { "type": "Point", "coordinates": [ 78.5224923, 17.3690898 ] } },
{ "type": "Feature", "properties": { "element": "node", "id": 6566862238 }, "geometry": { "type": "Point", "coordinates": [ 78.5507843, 17.3369525 ] } },
{ "type": "Feature", "properties": { "element": "node", "id": 6567311932 }, "geometry": { "type": "Point", "coordinates": [ 78.4734696, 17.3893491 ] } },
{ "type": "Feature", "properties": { "element": "node", "id": 6567338346 }, "geometry": { "type": "Point", "coordinates": [ 78.5420912, 17.4186403 ] } },
{ "type": "Feature", "properties": { "element": "node", "id": 6573966514 }, "geometry": { "type": "Point", "coordinates": [ 78.5142714, 17.3696696 ] } },
{ "type": "Feature", "properties": { "element": "node", "id": 6582335068 }, "geometry": { "type": "Point", "coordinates": [ 78.5655819, 17.4221565 ] } },
{ "type": "Feature", "properties": { "element": "node", "id": 6593421965 }, "geometry": { "type": "Point", "coordinates": [ 78.5644319, 17.4209224 ] } },
{ "type": "Feature", "properties": { "element": "node", "id": 6593421967 }, "geometry": { "type": "Point", "coordinates": [ 78.5644232, 17.4208935 ] } },
{ "type": "Feature", "properties": { "element": "node", "id": 6598228985 }, "geometry": { "type": "Point", "coordinates": [ 78.5262294, 17.3636771 ] } },
{ "type": "Feature", "properties": { "element": "node", "id": 6598229185 }, "geometry": { "type": "Point", "coordinates": [ 78.5261774, 17.3637171 ] } },
{ "type": "Feature", "properties": { "element": "node", "id": 6616154446 }, "geometry": { "type": "Point", "coordinates": [ 78.542743900000019, 17.4216119 ] } },
{ "type": "Feature", "properties": { "element": "node", "id": 6632844432 }, "geometry": { "type": "Point", "coordinates": [ 78.5654264, 17.4189151 ] } },
{ "type": "Feature", "properties": { "element": "node", "id": 6652963085 }, "geometry": { "type": "Point", "coordinates": [ 78.482281, 17.385132 ] } },
{ "type": "Feature", "properties": { "element": "node", "id": 6773025662 }, "geometry": { "type": "Point", "coordinates": [ 78.5149145, 17.4250888 ] } },
{ "type": "Feature", "properties": { "element": "node", "id": 6776351524 }, "geometry": { "type": "Point", "coordinates": [ 78.5167156, 17.4223532 ] } },
{ "type": "Feature", "properties": { "element": "node", "id": 6779797471 }, "geometry": { "type": "Point", "coordinates": [ 78.4996403, 17.3774807 ] } },
{ "type": "Feature", "properties": { "element": "node", "id": 6811748985 }, "geometry": { "type": "Point", "coordinates": [ 78.541484, 17.3429186 ] } },
{ "type": "Feature", "properties": { "element": "node", "id": 6811748986 }, "geometry": { "type": "Point", "coordinates": [ 78.4803374, 17.3911402 ] } },
{ "type": "Feature", "properties": { "element": "node", "id": 6811748990 }, "geometry": { "type": "Point", "coordinates": [ 78.440725, 17.442029 ] } },
{ "type": "Feature", "properties": { "element": "node", "id": 6811748991 }, "geometry": { "type": "Point", "coordinates": [ 78.426262, 17.465443 ] } },
{ "type": "Feature", "properties": { "element": "node", "id": 6811748992 }, "geometry": { "type": "Point", "coordinates": [ 78.4524033, 17.4602725 ] } },
{ "type": "Feature", "properties": { "element": "node", "id": 6811748993 }, "geometry": { "type": "Point", "coordinates": [ 78.4471316, 17.4415056 ] } },
{ "type": "Feature", "properties": { "element": "node", "id": 6811748994 }, "geometry": { "type": "Point", "coordinates": [ 78.3240814, 17.4279239 ] } },
{ "type": "Feature", "properties": { "element": "node", "id": 6811748997 }, "geometry": { "type": "Point", "coordinates": [ 78.4385, 17.54381 ] } },
{ "type": "Feature", "properties": { "element": "node", "id": 6811749001 }, "geometry": { "type": "Point", "coordinates": [ 78.39696, 17.488394 ] } },
{ "type": "Feature", "properties": { "element": "node", "id": 6811749003 }, "geometry": { "type": "Point", "coordinates": [ 78.4236187, 17.4699379 ] } },
{ "type": "Feature", "properties": { "element": "node", "id": 6811749004 }, "geometry": { "type": "Point", "coordinates": [ 78.4427883, 17.5198207 ] } },
{ "type": "Feature", "properties": { "element": "node", "id": 6811749005 }, "geometry": { "type": "Point", "coordinates": [ 78.397306, 17.491559 ] } },
{ "type": "Feature", "properties": { "element": "node", "id": 6811749006 }, "geometry": { "type": "Point", "coordinates": [ 78.6018077, 17.4898215 ] } },
{ "type": "Feature", "properties": { "element": "node", "id": 6811749010 }, "geometry": { "type": "Point", "coordinates": [ 78.439124, 17.441679 ] } },
{ "type": "Feature", "properties": { "element": "node", "id": 6811749012 }, "geometry": { "type": "Point", "coordinates": [ 78.437611, 17.4404574 ] } },
{ "type": "Feature", "properties": { "element": "node", "id": 6811749013 }, "geometry": { "type": "Point", "coordinates": [ 78.4944027, 17.4621913 ] } },
{ "type": "Feature", "properties": { "element": "node", "id": 6811749014 }, "geometry": { "type": "Point", "coordinates": [ 78.4576658, 17.468492 ] } },
{ "type": "Feature", "properties": { "element": "node", "id": 6811749016 }, "geometry": { "type": "Point", "coordinates": [ 78.422557, 17.46925 ] } },
{ "type": "Feature", "properties": { "element": "node", "id": 6811749017 }, "geometry": { "type": "Point", "coordinates": [ 78.4416463, 17.4423064 ] } },
{ "type": "Feature", "properties": { "element": "node", "id": 6811749018 }, "geometry": { "type": "Point", "coordinates": [ 78.4415834, 17.4396884 ] } },
{ "type": "Feature", "properties": { "element": "node", "id": 6811749020 }, "geometry": { "type": "Point", "coordinates": [ 78.452527, 17.463224 ] } },
{ "type": "Feature", "properties": { "element": "node", "id": 6811749022 }, "geometry": { "type": "Point", "coordinates": [ 78.4828594, 17.4663588 ] } },
{ "type": "Feature", "properties": { "element": "node", "id": 6811749023 }, "geometry": { "type": "Point", "coordinates": [ 78.433749, 17.539151 ] } },
{ "type": "Feature", "properties": { "element": "node", "id": 6811749024 }, "geometry": { "type": "Point", "coordinates": [ 78.522991, 17.372487 ] } },
{ "type": "Feature", "properties": { "element": "node", "id": 6811749025 }, "geometry": { "type": "Point", "coordinates": [ 78.389319, 17.360911 ] } },
{ "type": "Feature", "properties": { "element": "node", "id": 6811749027 }, "geometry": { "type": "Point", "coordinates": [ 78.6045666, 17.4932248 ] } },
{ "type": "Feature", "properties": { "element": "node", "id": 6811749028 }, "geometry": { "type": "Point", "coordinates": [ 78.493979, 17.382415 ] } },
{ "type": "Feature", "properties": { "element": "node", "id": 6811749029 }, "geometry": { "type": "Point", "coordinates": [ 78.532407, 17.354892 ] } },
{ "type": "Feature", "properties": { "element": "node", "id": 6811749031 }, "geometry": { "type": "Point", "coordinates": [ 78.529654, 17.367644 ] } },
{ "type": "Feature", "properties": { "element": "node", "id": 6811749032 }, "geometry": { "type": "Point", "coordinates": [ 78.48185, 17.4761454 ] } },
{ "type": "Feature", "properties": { "element": "node", "id": 6811749035 }, "geometry": { "type": "Point", "coordinates": [ 78.4224565, 17.4691859 ] } },
{ "type": "Feature", "properties": { "element": "node", "id": 6811749037 }, "geometry": { "type": "Point", "coordinates": [ 78.4379617, 17.559986 ] } },
{ "type": "Feature", "properties": { "element": "node", "id": 6811749040 }, "geometry": { "type": "Point", "coordinates": [ 78.3894309, 17.4003659 ] } },
{ "type": "Feature", "properties": { "element": "node", "id": 6811749041 }, "geometry": { "type": "Point", "coordinates": [ 78.604817, 17.493471 ] } },
{ "type": "Feature", "properties": { "element": "node", "id": 6811749043 }, "geometry": { "type": "Point", "coordinates": [ 78.396727, 17.490372 ] } },
{ "type": "Feature", "properties": { "element": "node", "id": 6811749045 }, "geometry": { "type": "Point", "coordinates": [ 78.4124091, 17.4012253 ] } },
{ "type": "Feature", "properties": { "element": "node", "id": 6811749046 }, "geometry": { "type": "Point", "coordinates": [ 78.439689, 17.440313 ] } },
{ "type": "Feature", "properties": { "element": "node", "id": 6811749047 }, "geometry": { "type": "Point", "coordinates": [ 78.4461388, 17.4329564 ] } },
{ "type": "Feature", "properties": { "element": "node", "id": 6811749048 }, "geometry": { "type": "Point", "coordinates": [ 78.428507, 17.469277 ] } },
{ "type": "Feature", "properties": { "element": "node", "id": 6811749049 }, "geometry": { "type": "Point", "coordinates": [ 78.450924, 17.464091 ] } },
{ "type": "Feature", "properties": { "element": "node", "id": 6811749051 }, "geometry": { "type": "Point", "coordinates": [ 78.440641, 17.439001 ] } },
{ "type": "Feature", "properties": { "element": "node", "id": 6811749053 }, "geometry": { "type": "Point", "coordinates": [ 78.4096964, 17.493087 ] } },
{ "type": "Feature", "properties": { "element": "node", "id": 6811749055 }, "geometry": { "type": "Point", "coordinates": [ 78.437023, 17.436565 ] } },
{ "type": "Feature", "properties": { "element": "node", "id": 6811749056 }, "geometry": { "type": "Point", "coordinates": [ 78.6017722, 17.4897271 ] } },
{ "type": "Feature", "properties": { "element": "node", "id": 6811749058 }, "geometry": { "type": "Point", "coordinates": [ 78.4375526, 17.4404699 ] } },
{ "type": "Feature", "properties": { "element": "node", "id": 6811749059 }, "geometry": { "type": "Point", "coordinates": [ 78.2998532, 17.5101637 ] } },
{ "type": "Feature", "properties": { "element": "node", "id": 6811749062 }, "geometry": { "type": "Point", "coordinates": [ 78.451227, 17.492517 ] } },
{ "type": "Feature", "properties": { "element": "node", "id": 6811749063 }, "geometry": { "type": "Point", "coordinates": [ 78.419528, 17.471356 ] } },
{ "type": "Feature", "properties": { "element": "node", "id": 6811749064 }, "geometry": { "type": "Point", "coordinates": [ 78.4356998, 17.4390991 ] } },
{ "type": "Feature", "properties": { "element": "node", "id": 6811749065 }, "geometry": { "type": "Point", "coordinates": [ 78.455612, 17.46584 ] } },
{ "type": "Feature", "properties": { "element": "node", "id": 6811749066 }, "geometry": { "type": "Point", "coordinates": [ 78.4256774, 17.4694418 ] } },
{ "type": "Feature", "properties": { "element": "node", "id": 6811749067 }, "geometry": { "type": "Point", "coordinates": [ 78.487135, 17.541008 ] } },
{ "type": "Feature", "properties": { "element": "node", "id": 6811749069 }, "geometry": { "type": "Point", "coordinates": [ 78.426565, 17.465609 ] } },
{ "type": "Feature", "properties": { "element": "node", "id": 6811749070 }, "geometry": { "type": "Point", "coordinates": [ 78.4573355, 17.4277736 ] } },
{ "type": "Feature", "properties": { "element": "node", "id": 6811749072 }, "geometry": { "type": "Point", "coordinates": [ 78.436959, 17.43931 ] } },
{ "type": "Feature", "properties": { "element": "node", "id": 6811749074 }, "geometry": { "type": "Point", "coordinates": [ 78.28853, 17.510618 ] } },
{ "type": "Feature", "properties": { "element": "node", "id": 6811749075 }, "geometry": { "type": "Point", "coordinates": [ 78.568712, 17.321219 ] } },
{ "type": "Feature", "properties": { "element": "node", "id": 6811749079 }, "geometry": { "type": "Point", "coordinates": [ 78.4402092, 17.4374808 ] } },
{ "type": "Feature", "properties": { "element": "node", "id": 6811749082 }, "geometry": { "type": "Point", "coordinates": [ 78.4006671, 17.4889369 ] } },
{ "type": "Feature", "properties": { "element": "node", "id": 6811749083 }, "geometry": { "type": "Point", "coordinates": [ 78.4325983, 17.4559294 ] } },
{ "type": "Feature", "properties": { "element": "node", "id": 6811749084 }, "geometry": { "type": "Point", "coordinates": [ 78.4524391, 17.4958036 ] } },
{ "type": "Feature", "properties": { "element": "node", "id": 6811749086 }, "geometry": { "type": "Point", "coordinates": [ 78.3946958, 17.4985836 ] } },
{ "type": "Feature", "properties": { "element": "node", "id": 6811749087 }, "geometry": { "type": "Point", "coordinates": [ 78.4385404, 17.5417588 ] } },
{ "type": "Feature", "properties": { "element": "node", "id": 6811749088 }, "geometry": { "type": "Point", "coordinates": [ 78.4875009, 17.5314158 ] } },
{ "type": "Feature", "properties": { "element": "node", "id": 6811749091 }, "geometry": { "type": "Point", "coordinates": [ 78.4228728, 17.5765848 ] } },
{ "type": "Feature", "properties": { "element": "node", "id": 6811749092 }, "geometry": { "type": "Point", "coordinates": [ 78.439358, 17.442545 ] } },
{ "type": "Feature", "properties": { "element": "node", "id": 6811749093 }, "geometry": { "type": "Point", "coordinates": [ 78.4007023, 17.4092386 ] } },
{ "type": "Feature", "properties": { "element": "node", "id": 6811749094 }, "geometry": { "type": "Point", "coordinates": [ 78.441632, 17.4422882 ] } },
{ "type": "Feature", "properties": { "element": "node", "id": 6811749096 }, "geometry": { "type": "Point", "coordinates": [ 78.3979717, 17.4933988 ] } },
{ "type": "Feature", "properties": { "element": "node", "id": 6811749097 }, "geometry": { "type": "Point", "coordinates": [ 78.3960653, 17.4897154 ] } },
{ "type": "Feature", "properties": { "element": "node", "id": 6811749101 }, "geometry": { "type": "Point", "coordinates": [ 78.433697, 17.441249 ] } },
{ "type": "Feature", "properties": { "element": "node", "id": 6811749102 }, "geometry": { "type": "Point", "coordinates": [ 78.446376, 17.431901 ] } },
{ "type": "Feature", "properties": { "element": "node", "id": 6811749103 }, "geometry": { "type": "Point", "coordinates": [ 78.4444551, 17.5320227 ] } },
{ "type": "Feature", "properties": { "element": "node", "id": 6811749104 }, "geometry": { "type": "Point", "coordinates": [ 78.4363341, 17.5398397 ] } },
{ "type": "Feature", "properties": { "element": "node", "id": 6811749105 }, "geometry": { "type": "Point", "coordinates": [ 78.531138, 17.3353686 ] } },
{ "type": "Feature", "properties": { "element": "node", "id": 6811749106 }, "geometry": { "type": "Point", "coordinates": [ 78.558334, 17.4021071 ] } },
{ "type": "Feature", "properties": { "element": "node", "id": 6811749107 }, "geometry": { "type": "Point", "coordinates": [ 78.486899, 17.541046 ] } },
{ "type": "Feature", "properties": { "element": "node", "id": 6811749108 }, "geometry": { "type": "Point", "coordinates": [ 78.431923, 17.448598 ] } },
{ "type": "Feature", "properties": { "element": "node", "id": 6811749109 }, "geometry": { "type": "Point", "coordinates": [ 78.445899, 17.434387 ] } },
{ "type": "Feature", "properties": { "element": "node", "id": 6811749110 }, "geometry": { "type": "Point", "coordinates": [ 78.4344642, 17.4435305 ] } },
{ "type": "Feature", "properties": { "element": "node", "id": 6811749111 }, "geometry": { "type": "Point", "coordinates": [ 78.4244689, 17.4737889 ] } },
{ "type": "Feature", "properties": { "element": "node", "id": 6811749112 }, "geometry": { "type": "Point", "coordinates": [ 78.4383837, 17.5599256 ] } },
{ "type": "Feature", "properties": { "element": "node", "id": 6811749113 }, "geometry": { "type": "Point", "coordinates": [ 78.4801, 17.322434 ] } },
{ "type": "Feature", "properties": { "element": "node", "id": 6811749114 }, "geometry": { "type": "Point", "coordinates": [ 78.4617537, 17.4452339 ] } },
{ "type": "Feature", "properties": { "element": "node", "id": 6811749115 }, "geometry": { "type": "Point", "coordinates": [ 78.4823216, 17.5330429 ] } },
{ "type": "Feature", "properties": { "element": "node", "id": 6811749117 }, "geometry": { "type": "Point", "coordinates": [ 78.3958558, 17.487407 ] } },
{ "type": "Feature", "properties": { "element": "node", "id": 6811749118 }, "geometry": { "type": "Point", "coordinates": [ 78.4636083, 17.3554702 ] } },
{ "type": "Feature", "properties": { "element": "node", "id": 6811749120 }, "geometry": { "type": "Point", "coordinates": [ 78.4307242, 17.3222518 ] } },
{ "type": "Feature", "properties": { "element": "node", "id": 6811749123 }, "geometry": { "type": "Point", "coordinates": [ 78.337188, 17.495967 ] } },
{ "type": "Feature", "properties": { "element": "node", "id": 6811749124 }, "geometry": { "type": "Point", "coordinates": [ 78.5930459, 17.3291568 ] } },
{ "type": "Feature", "properties": { "element": "node", "id": 6811749125 }, "geometry": { "type": "Point", "coordinates": [ 78.58233, 17.42081 ] } },
{ "type": "Feature", "properties": { "element": "node", "id": 6811749126 }, "geometry": { "type": "Point", "coordinates": [ 78.4225055, 17.4694346 ] } },
{ "type": "Feature", "properties": { "element": "node", "id": 6811749127 }, "geometry": { "type": "Point", "coordinates": [ 78.480475, 17.517046 ] } },
{ "type": "Feature", "properties": { "element": "node", "id": 6811749128 }, "geometry": { "type": "Point", "coordinates": [ 78.440181, 17.441912 ] } },
{ "type": "Feature", "properties": { "element": "node", "id": 6811749129 }, "geometry": { "type": "Point", "coordinates": [ 78.4418317, 17.4393315 ] } },
{ "type": "Feature", "properties": { "element": "node", "id": 6811749130 }, "geometry": { "type": "Point", "coordinates": [ 78.4305647, 17.3223098 ] } },
{ "type": "Feature", "properties": { "element": "node", "id": 6811749131 }, "geometry": { "type": "Point", "coordinates": [ 78.4510823, 17.4641198 ] } },
{ "type": "Feature", "properties": { "element": "node", "id": 6811749132 }, "geometry": { "type": "Point", "coordinates": [ 78.299367, 17.509869 ] } },
{ "type": "Feature", "properties": { "element": "node", "id": 6811749133 }, "geometry": { "type": "Point", "coordinates": [ 78.421673, 17.473479 ] } },
{ "type": "Feature", "properties": { "element": "node", "id": 6811749134 }, "geometry": { "type": "Point", "coordinates": [ 78.4264492, 17.3921804 ] } },
{ "type": "Feature", "properties": { "element": "node", "id": 6811749135 }, "geometry": { "type": "Point", "coordinates": [ 78.4117886, 17.3988756 ] } },
{ "type": "Feature", "properties": { "element": "node", "id": 6811749136 }, "geometry": { "type": "Point", "coordinates": [ 78.4275652, 17.432594 ] } },
{ "type": "Feature", "properties": { "element": "node", "id": 6811749138 }, "geometry": { "type": "Point", "coordinates": [ 78.3988909, 17.485089 ] } },
{ "type": "Feature", "properties": { "element": "node", "id": 6811749139 }, "geometry": { "type": "Point", "coordinates": [ 78.4275318, 17.4691677 ] } },
{ "type": "Feature", "properties": { "element": "node", "id": 6811749141 }, "geometry": { "type": "Point", "coordinates": [ 78.4532466, 17.4956577 ] } },
{ "type": "Feature", "properties": { "element": "node", "id": 6811749142 }, "geometry": { "type": "Point", "coordinates": [ 78.434617, 17.443615 ] } },
{ "type": "Feature", "properties": { "element": "node", "id": 6811749143 }, "geometry": { "type": "Point", "coordinates": [ 78.4175241, 17.3957352 ] } },
{ "type": "Feature", "properties": { "element": "node", "id": 6811749144 }, "geometry": { "type": "Point", "coordinates": [ 78.4683878, 17.3058624 ] } },
{ "type": "Feature", "properties": { "element": "node", "id": 6811749146 }, "geometry": { "type": "Point", "coordinates": [ 78.3202454, 17.4795083 ] } },
{ "type": "Feature", "properties": { "element": "node", "id": 6811749148 }, "geometry": { "type": "Point", "coordinates": [ 78.5741446, 17.4028303 ] } },
{ "type": "Feature", "properties": { "element": "node", "id": 6811749149 }, "geometry": { "type": "Point", "coordinates": [ 78.438926, 17.440549 ] } },
{ "type": "Feature", "properties": { "element": "node", "id": 6811749150 }, "geometry": { "type": "Point", "coordinates": [ 78.382573, 17.4003589 ] } },
{ "type": "Feature", "properties": { "element": "node", "id": 6811749151 }, "geometry": { "type": "Point", "coordinates": [ 78.5670163, 17.4023438 ] } },
{ "type": "Feature", "properties": { "element": "node", "id": 6811749152 }, "geometry": { "type": "Point", "coordinates": [ 78.4571122, 17.4642455 ] } },
{ "type": "Feature", "properties": { "element": "node", "id": 6811749153 }, "geometry": { "type": "Point", "coordinates": [ 78.6046777, 17.45904 ] } },
{ "type": "Feature", "properties": { "element": "node", "id": 6811749155 }, "geometry": { "type": "Point", "coordinates": [ 78.4508102, 17.4641501 ] } },
{ "type": "Feature", "properties": { "element": "node", "id": 6811749156 }, "geometry": { "type": "Point", "coordinates": [ 78.43828, 17.544922 ] } },
{ "type": "Feature", "properties": { "element": "node", "id": 6811749157 }, "geometry": { "type": "Point", "coordinates": [ 78.42678, 17.465501 ] } },
{ "type": "Feature", "properties": { "element": "node", "id": 6811749158 }, "geometry": { "type": "Point", "coordinates": [ 78.4447795, 17.4470116 ] } },
{ "type": "Feature", "properties": { "element": "node", "id": 6811749160 }, "geometry": { "type": "Point", "coordinates": [ 78.556886, 17.324086 ] } },
{ "type": "Feature", "properties": { "element": "node", "id": 6811749161 }, "geometry": { "type": "Point", "coordinates": [ 78.438315, 17.543254 ] } },
{ "type": "Feature", "properties": { "element": "node", "id": 6811749163 }, "geometry": { "type": "Point", "coordinates": [ 78.557713, 17.512371 ] } },
{ "type": "Feature", "properties": { "element": "node", "id": 6811749164 }, "geometry": { "type": "Point", "coordinates": [ 78.4499912, 17.4648154 ] } },
{ "type": "Feature", "properties": { "element": "node", "id": 6811749166 }, "geometry": { "type": "Point", "coordinates": [ 78.426367, 17.465682 ] } },
{ "type": "Feature", "properties": { "element": "node", "id": 6811749167 }, "geometry": { "type": "Point", "coordinates": [ 78.4262837, 17.4695091 ] } },
{ "type": "Feature", "properties": { "element": "node", "id": 6811749169 }, "geometry": { "type": "Point", "coordinates": [ 78.556607, 17.513357 ] } },
{ "type": "Feature", "properties": { "element": "node", "id": 6811749170 }, "geometry": { "type": "Point", "coordinates": [ 78.3819324, 17.5160299 ] } },
{ "type": "Feature", "properties": { "element": "node", "id": 6811749172 }, "geometry": { "type": "Point", "coordinates": [ 78.446198, 17.432609 ] } },
{ "type": "Feature", "properties": { "element": "node", "id": 6811749173 }, "geometry": { "type": "Point", "coordinates": [ 78.4764546, 17.2986297 ] } },
{ "type": "Feature", "properties": { "element": "node", "id": 6811749175 }, "geometry": { "type": "Point", "coordinates": [ 78.2998449, 17.5096642 ] } },
{ "type": "Feature", "properties": { "element": "node", "id": 6811749177 }, "geometry": { "type": "Point", "coordinates": [ 78.447485, 17.514435 ] } },
{ "type": "Feature", "properties": { "element": "node", "id": 6811749178 }, "geometry": { "type": "Point", "coordinates": [ 78.5645447, 17.3293045 ] } },
{ "type": "Feature", "properties": { "element": "node", "id": 6811749179 }, "geometry": { "type": "Point", "coordinates": [ 78.398115, 17.493197 ] } },
{ "type": "Feature", "properties": { "element": "node", "id": 6811749180 }, "geometry": { "type": "Point", "coordinates": [ 78.3209211, 17.4934982 ] } },
{ "type": "Feature", "properties": { "element": "node", "id": 6811749182 }, "geometry": { "type": "Point", "coordinates": [ 78.5255259, 17.3659362 ] } },
{ "type": "Feature", "properties": { "element": "node", "id": 6811749183 }, "geometry": { "type": "Point", "coordinates": [ 78.4824036, 17.526613 ] } },
{ "type": "Feature", "properties": { "element": "node", "id": 6811749185 }, "geometry": { "type": "Point", "coordinates": [ 78.5656645, 17.4004016 ] } },
{ "type": "Feature", "properties": { "element": "node", "id": 6822125026 }, "geometry": { "type": "Point", "coordinates": [ 78.3995332, 17.4942384 ] } },
{ "type": "Feature", "properties": { "element": "node", "id": 6825138366 }, "geometry": { "type": "Point", "coordinates": [ 78.3039722, 17.510119 ] } },
{ "type": "Feature", "properties": { "element": "node", "id": 6825138367 }, "geometry": { "type": "Point", "coordinates": [ 78.3018446, 17.5119263 ] } },
{ "type": "Feature", "properties": { "element": "node", "id": 6829483775 }, "geometry": { "type": "Point", "coordinates": [ 78.537548, 17.471554 ] } },
{ "type": "Feature", "properties": { "element": "node", "id": 6830806688 }, "geometry": { "type": "Point", "coordinates": [ 78.3296853, 17.4944955 ] } },
{ "type": "Feature", "properties": { "element": "node", "id": 6834326986 }, "geometry": { "type": "Point", "coordinates": [ 78.3634989, 17.4406799 ] } },
{ "type": "Feature", "properties": { "element": "node", "id": 6846152947 }, "geometry": { "type": "Point", "coordinates": [ 78.446451, 17.3732371 ] } },
{ "type": "Feature", "properties": { "element": "node", "id": 6846152948 }, "geometry": { "type": "Point", "coordinates": [ 78.4235564, 17.4509475 ] } },
{ "type": "Feature", "properties": { "element": "node", "id": 6846423887 }, "geometry": { "type": "Point", "coordinates": [ 78.4200095, 17.4546149 ] } },
{ "type": "Feature", "properties": { "element": "node", "id": 6846423892 }, "geometry": { "type": "Point", "coordinates": [ 78.4544152, 17.3953666 ] } },
{ "type": "Feature", "properties": { "element": "node", "id": 6855228385 }, "geometry": { "type": "Point", "coordinates": [ 78.3678073, 17.4659669 ] } },
{ "type": "Feature", "properties": { "element": "node", "id": 6866161636 }, "geometry": { "type": "Point", "coordinates": [ 78.3887517, 17.5028997 ] } },
{ "type": "Feature", "properties": { "element": "node", "id": 6866161637 }, "geometry": { "type": "Point", "coordinates": [ 78.3887796, 17.5029831 ] } },
{ "type": "Feature", "properties": { "element": "node", "id": 6868572410 }, "geometry": { "type": "Point", "coordinates": [ 78.5478069, 17.4234633 ] } },
{ "type": "Feature", "properties": { "element": "node", "id": 6934778614 }, "geometry": { "type": "Point", "coordinates": [ 78.5455972, 17.3745451 ] } },
{ "type": "Feature", "properties": { "element": "node", "id": 6935540196 }, "geometry": { "type": "Point", "coordinates": [ 78.4816433, 17.4787553 ] } },
{ "type": "Feature", "properties": { "element": "node", "id": 6937779552 }, "geometry": { "type": "Point", "coordinates": [ 78.3659801, 17.4594547 ] } },
{ "type": "Feature", "properties": { "element": "node", "id": 6997907785 }, "geometry": { "type": "Point", "coordinates": [ 78.4412212, 17.4360987 ] } },
{ "type": "Feature", "properties": { "element": "node", "id": 7007970916 }, "geometry": { "type": "Point", "coordinates": [ 78.3401789, 17.4948228 ] } },
{ "type": "Feature", "properties": { "element": "node", "id": 7008089080 }, "geometry": { "type": "Point", "coordinates": [ 78.4156543, 17.5035172 ] } },
{ "type": "Feature", "properties": { "element": "node", "id": 7021303762 }, "geometry": { "type": "Point", "coordinates": [ 78.3859419, 17.4438542 ] } },
{ "type": "Feature", "properties": { "element": "node", "id": 7021303763 }, "geometry": { "type": "Point", "coordinates": [ 78.3858327, 17.4511935 ] } },
{ "type": "Feature", "properties": { "element": "node", "id": 7021303765 }, "geometry": { "type": "Point", "coordinates": [ 78.3918626, 17.4430962 ] } },
{ "type": "Feature", "properties": { "element": "node", "id": 7021303767 }, "geometry": { "type": "Point", "coordinates": [ 78.3855162, 17.449309 ] } },
{ "type": "Feature", "properties": { "element": "node", "id": 7025820758 }, "geometry": { "type": "Point", "coordinates": [ 78.3943588, 17.4406949 ] } },
{ "type": "Feature", "properties": { "element": "node", "id": 7025820786 }, "geometry": { "type": "Point", "coordinates": [ 78.3924173, 17.44582 ] } },
{ "type": "Feature", "properties": { "element": "node", "id": 7025820818 }, "geometry": { "type": "Point", "coordinates": [ 78.3921706, 17.4487951 ] } },
{ "type": "Feature", "properties": { "element": "node", "id": 7025820915 }, "geometry": { "type": "Point", "coordinates": [ 78.3880897, 17.4413783 ] } },
{ "type": "Feature", "properties": { "element": "node", "id": 7088862151 }, "geometry": { "type": "Point", "coordinates": [ 78.4276336, 17.3290827 ] } },
{ "type": "Feature", "properties": { "element": "node", "id": 7099403699 }, "geometry": { "type": "Point", "coordinates": [ 78.4525812, 17.421687 ] } },
{ "type": "Feature", "properties": { "element": "node", "id": 7113646686 }, "geometry": { "type": "Point", "coordinates": [ 78.4457432, 17.4366221 ] } },
{ "type": "Feature", "properties": { "element": "node", "id": 7135117060 }, "geometry": { "type": "Point", "coordinates": [ 78.3899818, 17.403175 ] } },
{ "type": "Feature", "properties": { "element": "node", "id": 7174077374 }, "geometry": { "type": "Point", "coordinates": [ 78.3022088, 17.5133146 ] } },
{ "type": "Feature", "properties": { "element": "node", "id": 7243959583 }, "geometry": { "type": "Point", "coordinates": [ 78.341244, 17.4947296 ] } },
{ "type": "Feature", "properties": { "element": "node", "id": 7243976033 }, "geometry": { "type": "Point", "coordinates": [ 78.3960641, 17.4873202 ] } },
{ "type": "Feature", "properties": { "element": "node", "id": 7244022648 }, "geometry": { "type": "Point", "coordinates": [ 78.415981, 17.5019507 ] } },
{ "type": "Feature", "properties": { "element": "node", "id": 7244033607 }, "geometry": { "type": "Point", "coordinates": [ 78.5187388, 17.3685916 ] } },
{ "type": "Feature", "properties": { "element": "node", "id": 7244052167 }, "geometry": { "type": "Point", "coordinates": [ 78.4640961, 17.4103807 ] } },
{ "type": "Feature", "properties": { "element": "node", "id": 7244059229 }, "geometry": { "type": "Point", "coordinates": [ 78.474491, 17.5422595 ] } },
{ "type": "Feature", "properties": { "element": "node", "id": 7244238273 }, "geometry": { "type": "Point", "coordinates": [ 78.5753678, 17.3679229 ] } },
{ "type": "Feature", "properties": { "element": "node", "id": 7244280426 }, "geometry": { "type": "Point", "coordinates": [ 78.3665492, 17.4625304 ] } },
{ "type": "Feature", "properties": { "element": "node", "id": 7244280427 }, "geometry": { "type": "Point", "coordinates": [ 78.3663888, 17.4623813 ] } },
{ "type": "Feature", "properties": { "element": "node", "id": 7244398147 }, "geometry": { "type": "Point", "coordinates": [ 78.351628, 17.493937 ] } },
{ "type": "Feature", "properties": { "element": "node", "id": 7244480650 }, "geometry": { "type": "Point", "coordinates": [ 78.4352772, 17.394532 ] } },
{ "type": "Feature", "properties": { "element": "node", "id": 7244480682 }, "geometry": { "type": "Point", "coordinates": [ 78.4384775, 17.3946369 ] } },
{ "type": "Feature", "properties": { "element": "node", "id": 7246495528 }, "geometry": { "type": "Point", "coordinates": [ 78.569899, 17.3364058 ] } },
{ "type": "Feature", "properties": { "element": "node", "id": 7246516890 }, "geometry": { "type": "Point", "coordinates": [ 78.4160561, 17.5008159 ] } },
{ "type": "Feature", "properties": { "element": "node", "id": 7246517948 }, "geometry": { "type": "Point", "coordinates": [ 78.3912724, 17.4866535 ] } },
{ "type": "Feature", "properties": { "element": "node", "id": 7246815474 }, "geometry": { "type": "Point", "coordinates": [ 78.5394986, 17.3753441 ] } },
{ "type": "Feature", "properties": { "element": "node", "id": 7357915007 }, "geometry": { "type": "Point", "coordinates": [ 78.4294337, 17.397386 ] } },
{ "type": "Feature", "properties": { "element": "node", "id": 7466867163 }, "geometry": { "type": "Point", "coordinates": [ 78.3771932, 17.395649 ] } },
{ "type": "Feature", "properties": { "element": "node", "id": 7466867172 }, "geometry": { "type": "Point", "coordinates": [ 78.3729247, 17.3952113 ] } },
{ "type": "Feature", "properties": { "element": "node", "id": 7569508528 }, "geometry": { "type": "Point", "coordinates": [ 78.5143242, 17.4733858 ] } },
{ "type": "Feature", "properties": { "element": "node", "id": 7796316997 }, "geometry": { "type": "Point", "coordinates": [ 78.4089739, 17.4998649 ] } },
{ "type": "Feature", "properties": { "element": "node", "id": 7850705781 }, "geometry": { "type": "Point", "coordinates": [ 78.5447518, 17.3606803 ] } },
{ "type": "Feature", "properties": { "element": "node", "id": 7925585585 }, "geometry": { "type": "Point", "coordinates": [ 78.445742, 17.51644 ] } },
{ "type": "Feature", "properties": { "element": "node", "id": 8007022925 }, "geometry": { "type": "Point", "coordinates": [ 78.3574735, 17.4998816 ] } },
{ "type": "Feature", "properties": { "element": "node", "id": 8044148228 }, "geometry": { "type": "Point", "coordinates": [ 78.4945773, 17.3591366 ] } },
{ "type": "Feature", "properties": { "element": "node", "id": 8077291599 }, "geometry": { "type": "Point", "coordinates": [ 78.4634462, 17.4004152 ] } },
{ "type": "Feature", "properties": { "element": "node", "id": 8082315379 }, "geometry": { "type": "Point", "coordinates": [ 78.4838359, 17.4044163 ] } },
{ "type": "Feature", "properties": { "element": "node", "id": 8113834531 }, "geometry": { "type": "Point", "coordinates": [ 78.4473693, 17.4492625 ] } },
{ "type": "Feature", "properties": { "element": "node", "id": 8151182017 }, "geometry": { "type": "Point", "coordinates": [ 78.513036, 17.493969 ] } },
{ "type": "Feature", "properties": { "element": "node", "id": 8230992868 }, "geometry": { "type": "Point", "coordinates": [ 78.5854994, 17.2996609 ] } },
{ "type": "Feature", "properties": { "element": "node", "id": 8233048690 }, "geometry": { "type": "Point", "coordinates": [ 78.5007832, 17.4591866 ] } },
{ "type": "Feature", "properties": { "element": "node", "id": 8233132093 }, "geometry": { "type": "Point", "coordinates": [ 78.5220997, 17.4376777 ] } },
{ "type": "Feature", "properties": { "element": "node", "id": 8233804190 }, "geometry": { "type": "Point", "coordinates": [ 78.4942526, 17.3088672 ] } },
{ "type": "Feature", "properties": { "element": "node", "id": 8233811325 }, "geometry": { "type": "Point", "coordinates": [ 78.501892900000016, 17.3713436 ] } },
{ "type": "Feature", "properties": { "element": "node", "id": 8236632956 }, "geometry": { "type": "Point", "coordinates": [ 78.4975865, 17.4402772 ] } },
{ "type": "Feature", "properties": { "element": "node", "id": 8265698598 }, "geometry": { "type": "Point", "coordinates": [ 78.39415, 17.5301238 ] } },
{ "type": "Feature", "properties": { "element": "node", "id": 8266193280 }, "geometry": { "type": "Point", "coordinates": [ 78.5096907, 17.4030446 ] } },
{ "type": "Feature", "properties": { "element": "node", "id": 8266512342 }, "geometry": { "type": "Point", "coordinates": [ 78.3971193, 17.4961631 ] } },
{ "type": "Feature", "properties": { "element": "node", "id": 8341875302 }, "geometry": { "type": "Point", "coordinates": [ 78.4316903, 17.429555 ] } },
{ "type": "Feature", "properties": { "element": "node", "id": 8386162815 }, "geometry": { "type": "Point", "coordinates": [ 78.3975763, 17.5149211 ] } },
{ "type": "Feature", "properties": { "element": "node", "id": 8386235346 }, "geometry": { "type": "Point", "coordinates": [ 78.3968731, 17.518463 ] } },
{ "type": "Feature", "properties": { "element": "node", "id": 8386256231 }, "geometry": { "type": "Point", "coordinates": [ 78.4362911, 17.5361942 ] } },
{ "type": "Feature", "properties": { "element": "node", "id": 8386541466 }, "geometry": { "type": "Point", "coordinates": [ 78.3961112, 17.5181688 ] } },
{ "type": "Feature", "properties": { "element": "node", "id": 8386643937 }, "geometry": { "type": "Point", "coordinates": [ 78.395168, 17.5070065 ] } },
{ "type": "Feature", "properties": { "element": "node", "id": 8387157871 }, "geometry": { "type": "Point", "coordinates": [ 78.5113902, 17.3914914 ] } },
{ "type": "Feature", "properties": { "element": "node", "id": 8387157872 }, "geometry": { "type": "Point", "coordinates": [ 78.5106935, 17.3935058 ] } },
{ "type": "Feature", "properties": { "element": "node", "id": 8389404098 }, "geometry": { "type": "Point", "coordinates": [ 78.422642, 17.3622482 ] } },
{ "type": "Feature", "properties": { "element": "node", "id": 8733731577 }, "geometry": { "type": "Point", "coordinates": [ 78.3146178, 17.498279 ] } },
{ "type": "Feature", "properties": { "element": "node", "id": 8733734629 }, "geometry": { "type": "Point", "coordinates": [ 78.3168615, 17.4943209 ] } },
{ "type": "Feature", "properties": { "element": "node", "id": 8739430485 }, "geometry": { "type": "Point", "coordinates": [ 78.3652937, 17.3988443 ] } },
{ "type": "Feature", "properties": { "element": "node", "id": 8739449727 }, "geometry": { "type": "Point", "coordinates": [ 78.3653, 17.3987165 ] } },
{ "type": "Feature", "properties": { "element": "node", "id": 8745836201 }, "geometry": { "type": "Point", "coordinates": [ 78.5539533, 17.3614317 ] } },
{ "type": "Feature", "properties": { "element": "node", "id": 8747916250 }, "geometry": { "type": "Point", "coordinates": [ 78.5530454, 17.3347442 ] } },
{ "type": "Feature", "properties": { "element": "node", "id": 8747920907 }, "geometry": { "type": "Point", "coordinates": [ 78.3227858, 17.4940216 ] } },
{ "type": "Feature", "properties": { "element": "node", "id": 8747950688 }, "geometry": { "type": "Point", "coordinates": [ 78.384659, 17.4446234 ] } },
{ "type": "Feature", "properties": { "element": "node", "id": 8748429666 }, "geometry": { "type": "Point", "coordinates": [ 78.3720097, 17.4554623 ] } },
{ "type": "Feature", "properties": { "element": "node", "id": 8748452003 }, "geometry": { "type": "Point", "coordinates": [ 78.3947106, 17.3641376 ] } },
{ "type": "Feature", "properties": { "element": "node", "id": 8748479530 }, "geometry": { "type": "Point", "coordinates": [ 78.3470745, 17.4940229 ] } },
{ "type": "Feature", "properties": { "element": "node", "id": 8751713608 }, "geometry": { "type": "Point", "coordinates": [ 78.4229918, 17.4121129 ] } },
{ "type": "Feature", "properties": { "element": "node", "id": 8751748313 }, "geometry": { "type": "Point", "coordinates": [ 78.560974, 17.3137197 ] } },
{ "type": "Feature", "properties": { "element": "node", "id": 8751762404 }, "geometry": { "type": "Point", "coordinates": [ 78.5084604, 17.3138528 ] } },
{ "type": "Feature", "properties": { "element": "node", "id": 8751771666 }, "geometry": { "type": "Point", "coordinates": [ 78.3682452, 17.4644176 ] } },
{ "type": "Feature", "properties": { "element": "node", "id": 8751844086 }, "geometry": { "type": "Point", "coordinates": [ 78.52185, 17.3401158 ] } },
{ "type": "Feature", "properties": { "element": "node", "id": 8752754940 }, "geometry": { "type": "Point", "coordinates": [ 78.4816034, 17.3188282 ] } },
{ "type": "Feature", "properties": { "element": "node", "id": 8752914428 }, "geometry": { "type": "Point", "coordinates": [ 78.5226426, 17.393868 ] } },
{ "type": "Feature", "properties": { "element": "node", "id": 8759154274 }, "geometry": { "type": "Point", "coordinates": [ 78.495225, 17.3902616 ] } },
{ "type": "Feature", "properties": { "element": "node", "id": 8759163871 }, "geometry": { "type": "Point", "coordinates": [ 78.4820151, 17.3845228 ] } },
{ "type": "Feature", "properties": { "element": "node", "id": 8759169871 }, "geometry": { "type": "Point", "coordinates": [ 78.4857756, 17.4753103 ] } },
{ "type": "Feature", "properties": { "element": "node", "id": 8759181367 }, "geometry": { "type": "Point", "coordinates": [ 78.4860599, 17.4416653 ] } },
{ "type": "Feature", "properties": { "element": "node", "id": 8759230773 }, "geometry": { "type": "Point", "coordinates": [ 78.5636616, 17.4012471 ] } },
{ "type": "Feature", "properties": { "element": "node", "id": 8759239032 }, "geometry": { "type": "Point", "coordinates": [ 78.432519, 17.4109164 ] } },
{ "type": "Feature", "properties": { "element": "node", "id": 8759254022 }, "geometry": { "type": "Point", "coordinates": [ 78.479872, 17.4041507 ] } },
{ "type": "Feature", "properties": { "element": "node", "id": 8759273395 }, "geometry": { "type": "Point", "coordinates": [ 78.4899303, 17.4419494 ] } },
{ "type": "Feature", "properties": { "element": "node", "id": 8759287302 }, "geometry": { "type": "Point", "coordinates": [ 78.5048595, 17.4444622 ] } },
{ "type": "Feature", "properties": { "element": "node", "id": 8759319675 }, "geometry": { "type": "Point", "coordinates": [ 78.4204343, 17.4263881 ] } },
{ "type": "Feature", "properties": { "element": "node", "id": 8759335242 }, "geometry": { "type": "Point", "coordinates": [ 78.5449317, 17.3632288 ] } },
{ "type": "Feature", "properties": { "element": "node", "id": 8759356830 }, "geometry": { "type": "Point", "coordinates": [ 78.4505019, 17.438752 ] } },
{ "type": "Feature", "properties": { "element": "node", "id": 8759371402 }, "geometry": { "type": "Point", "coordinates": [ 78.461228, 17.4102165 ] } },
{ "type": "Feature", "properties": { "element": "node", "id": 8759381105 }, "geometry": { "type": "Point", "coordinates": [ 78.3631825, 17.4507517 ] } },
{ "type": "Feature", "properties": { "element": "node", "id": 8759435760 }, "geometry": { "type": "Point", "coordinates": [ 78.4745425, 17.3535608 ] } },
{ "type": "Feature", "properties": { "element": "node", "id": 8759531975 }, "geometry": { "type": "Point", "coordinates": [ 78.4838444, 17.3730487 ] } },
{ "type": "Feature", "properties": { "element": "node", "id": 8759630720 }, "geometry": { "type": "Point", "coordinates": [ 78.4206489, 17.4535446 ] } },
{ "type": "Feature", "properties": { "element": "node", "id": 8759707780 }, "geometry": { "type": "Point", "coordinates": [ 78.4950359, 17.3867056 ] } },
{ "type": "Feature", "properties": { "element": "node", "id": 8759738256 }, "geometry": { "type": "Point", "coordinates": [ 78.4936257, 17.4401505 ] } },
{ "type": "Feature", "properties": { "element": "node", "id": 8760246825 }, "geometry": { "type": "Point", "coordinates": [ 78.4143269, 17.4272659 ] } },
{ "type": "Feature", "properties": { "element": "node", "id": 8760672940 }, "geometry": { "type": "Point", "coordinates": [ 78.410956700000014, 17.4853838 ] } },
{ "type": "Feature", "properties": { "element": "node", "id": 8760787195 }, "geometry": { "type": "Point", "coordinates": [ 78.4992805, 17.4557195 ] } },
{ "type": "Feature", "properties": { "element": "node", "id": 8760794581 }, "geometry": { "type": "Point", "coordinates": [ 78.3908053, 17.4855041 ] } },
{ "type": "Feature", "properties": { "element": "node", "id": 8760858403 }, "geometry": { "type": "Point", "coordinates": [ 78.5551261, 17.4384053 ] } },
{ "type": "Feature", "properties": { "element": "node", "id": 8760895243 }, "geometry": { "type": "Point", "coordinates": [ 78.4083858, 17.48884 ] } },
{ "type": "Feature", "properties": { "element": "node", "id": 8760905236 }, "geometry": { "type": "Point", "coordinates": [ 78.3970173, 17.4908668 ] } },
{ "type": "Feature", "properties": { "element": "node", "id": 8760926820 }, "geometry": { "type": "Point", "coordinates": [ 78.3994145, 17.4869463 ] } },
{ "type": "Feature", "properties": { "element": "node", "id": 8760933526 }, "geometry": { "type": "Point", "coordinates": [ 78.4691593, 17.444713 ] } },
{ "type": "Feature", "properties": { "element": "node", "id": 8760959031 }, "geometry": { "type": "Point", "coordinates": [ 78.5875386, 17.4058368 ] } },
{ "type": "Feature", "properties": { "element": "node", "id": 8760982633 }, "geometry": { "type": "Point", "coordinates": [ 78.4670243, 17.5057005 ] } },
{ "type": "Feature", "properties": { "element": "node", "id": 8761004351 }, "geometry": { "type": "Point", "coordinates": [ 78.5444422, 17.3582035 ] } },
{ "type": "Feature", "properties": { "element": "node", "id": 8763113701 }, "geometry": { "type": "Point", "coordinates": [ 78.4525108, 17.4957164 ] } },
{ "type": "Feature", "properties": { "element": "node", "id": 8763119685 }, "geometry": { "type": "Point", "coordinates": [ 78.3972386, 17.4919994 ] } },
{ "type": "Feature", "properties": { "element": "node", "id": 8763123207 }, "geometry": { "type": "Point", "coordinates": [ 78.397999, 17.4928129 ] } },
{ "type": "Feature", "properties": { "element": "node", "id": 8763135141 }, "geometry": { "type": "Point", "coordinates": [ 78.3949721, 17.4881237 ] } },
{ "type": "Feature", "properties": { "element": "node", "id": 8763259938 }, "geometry": { "type": "Point", "coordinates": [ 78.5575394, 17.3931001 ] } },
{ "type": "Feature", "properties": { "element": "node", "id": 8763260113 }, "geometry": { "type": "Point", "coordinates": [ 78.3638048, 17.5380971 ] } },
{ "type": "Feature", "properties": { "element": "node", "id": 8763276400 }, "geometry": { "type": "Point", "coordinates": [ 78.5540117, 17.4867461 ] } },
{ "type": "Feature", "properties": { "element": "node", "id": 8763316074 }, "geometry": { "type": "Point", "coordinates": [ 78.3574077, 17.4951229 ] } },
{ "type": "Feature", "properties": { "element": "node", "id": 8763392113 }, "geometry": { "type": "Point", "coordinates": [ 78.601926, 17.4897846 ] } },
{ "type": "Feature", "properties": { "element": "node", "id": 8763411325 }, "geometry": { "type": "Point", "coordinates": [ 78.5022081, 17.5079988 ] } },
{ "type": "Feature", "properties": { "element": "node", "id": 8763496906 }, "geometry": { "type": "Point", "coordinates": [ 78.4129804, 17.4847174 ] } },
{ "type": "Feature", "properties": { "element": "node", "id": 8763519730 }, "geometry": { "type": "Point", "coordinates": [ 78.4134217, 17.4829023 ] } },
{ "type": "Feature", "properties": { "element": "node", "id": 8763591483 }, "geometry": { "type": "Point", "coordinates": [ 78.3625871, 17.5281685 ] } },
{ "type": "Feature", "properties": { "element": "node", "id": 8763598296 }, "geometry": { "type": "Point", "coordinates": [ 78.5794678, 17.4009873 ] } },
{ "type": "Feature", "properties": { "element": "node", "id": 8891813172 }, "geometry": { "type": "Point", "coordinates": [ 78.4321671, 17.4274056 ] } },
{ "type": "Feature", "properties": { "element": "node", "id": 8909212369 }, "geometry": { "type": "Point", "coordinates": [ 78.4882962, 17.4343506 ] } },
{ "type": "Feature", "properties": { "element": "node", "id": 8909248529 }, "geometry": { "type": "Point", "coordinates": [ 78.4324096, 17.4452155 ] } },
{ "type": "Feature", "properties": { "element": "node", "id": 8909248538 }, "geometry": { "type": "Point", "coordinates": [ 78.4326449, 17.4472339 ] } },
{ "type": "Feature", "properties": { "element": "node", "id": 8941597911 }, "geometry": { "type": "Point", "coordinates": [ 78.449214500000011, 17.4410576 ] } },
{ "type": "Feature", "properties": { "element": "node", "id": 8941817855 }, "geometry": { "type": "Point", "coordinates": [ 78.5089418, 17.4475965 ] } },
{ "type": "Feature", "properties": { "element": "node", "id": 9121973774 }, "geometry": { "type": "Point", "coordinates": [ 78.3973849, 17.491684 ] } },
{ "type": "Feature", "properties": { "element": "node", "id": 9355590863 }, "geometry": { "type": "Point", "coordinates": [ 78.5121788, 17.4801489 ] } },
{ "type": "Feature", "properties": { "element": "node", "id": 9369549952 }, "geometry": { "type": "Point", "coordinates": [ 78.5648775, 17.4527375 ] } },
{ "type": "Feature", "properties": { "element": "node", "id": 9369555762 }, "geometry": { "type": "Point", "coordinates": [ 78.5647251, 17.4527443 ] } },
{ "type": "Feature", "properties": { "element": "node", "id": 9369819271 }, "geometry": { "type": "Point", "coordinates": [ 78.5615635, 17.4632492 ] } },
{ "type": "Feature", "properties": { "element": "node", "id": 9369819272 }, "geometry": { "type": "Point", "coordinates": [ 78.5587486, 17.4622327 ] } },
{ "type": "Feature", "properties": { "element": "node", "id": 9391261140 }, "geometry": { "type": "Point", "coordinates": [ 78.5517653, 17.4274216 ] } },
{ "type": "Feature", "properties": { "element": "node", "id": 9527080374 }, "geometry": { "type": "Point", "coordinates": [ 78.5589741, 17.3532901 ] } },
{ "type": "Feature", "properties": { "element": "node", "id": 9605389618 }, "geometry": { "type": "Point", "coordinates": [ 78.3212245, 17.4940583 ] } },
{ "type": "Feature", "properties": { "element": "node", "id": 9605465495 }, "geometry": { "type": "Point", "coordinates": [ 78.4460149, 17.2975367 ] } },
{ "type": "Feature", "properties": { "element": "node", "id": 9611895277 }, "geometry": { "type": "Point", "coordinates": [ 78.4563763, 17.438001 ] } },
{ "type": "Feature", "properties": { "element": "node", "id": 9679093983 }, "geometry": { "type": "Point", "coordinates": [ 78.6038388, 17.4366107 ] } },
{ "type": "Feature", "properties": { "element": "node", "id": 9697294232 }, "geometry": { "type": "Point", "coordinates": [ 78.5735649, 17.332599 ] } },
{ "type": "Feature", "properties": { "element": "node", "id": 9728614166 }, "geometry": { "type": "Point", "coordinates": [ 78.4207649, 17.5026194 ] } },
{ "type": "Feature", "properties": { "element": "node", "id": 9852600026 }, "geometry": { "type": "Point", "coordinates": [ 78.4286144, 17.3646406 ] } },
{ "type": "Feature", "properties": { "element": "node", "id": 9870554869 }, "geometry": { "type": "Point", "coordinates": [ 78.5859926, 17.4113015 ] } },
{ "type": "Feature", "properties": { "element": "node", "id": 9903766085 }, "geometry": { "type": "Point", "coordinates": [ 78.4376703, 17.5169514 ] } },
{ "type": "Feature", "properties": { "element": "node", "id": 9903766094 }, "geometry": { "type": "Point", "coordinates": [ 78.4357834, 17.5187323 ] } },
{ "type": "Feature", "properties": { "element": "node", "id": 9903766101 }, "geometry": { "type": "Point", "coordinates": [ 78.4377964, 17.517131 ] } },
{ "type": "Feature", "properties": { "element": "node", "id": 9903766102 }, "geometry": { "type": "Point", "coordinates": [ 78.4381809, 17.516573 ] } },
{ "type": "Feature", "properties": { "element": "node", "id": 9903794520 }, "geometry": { "type": "Point", "coordinates": [ 78.4419843, 17.5134563 ] } },
{ "type": "Feature", "properties": { "element": "node", "id": 9903794531 }, "geometry": { "type": "Point", "coordinates": [ 78.4361548, 17.5182343 ] } },
{ "type": "Feature", "properties": { "element": "node", "id": 9903887133 }, "geometry": { "type": "Point", "coordinates": [ 78.4258424, 17.5134257 ] } },
{ "type": "Feature", "properties": { "element": "node", "id": 9903887134 }, "geometry": { "type": "Point", "coordinates": [ 78.4260851, 17.5135662 ] } },
{ "type": "Feature", "properties": { "element": "node", "id": 9903887136 }, "geometry": { "type": "Point", "coordinates": [ 78.426097, 17.5136466 ] } },
{ "type": "Feature", "properties": { "element": "node", "id": 9903919151 }, "geometry": { "type": "Point", "coordinates": [ 78.5182344, 17.4287042 ] } },
{ "type": "Feature", "properties": { "element": "node", "id": 9903987802 }, "geometry": { "type": "Point", "coordinates": [ 78.3889444, 17.5020423 ] } },
{ "type": "Feature", "properties": { "element": "node", "id": 9918767489 }, "geometry": { "type": "Point", "coordinates": [ 78.4436707, 17.519355 ] } },
{ "type": "Feature", "properties": { "element": "node", "id": 9923836905 }, "geometry": { "type": "Point", "coordinates": [ 78.5252336, 17.4241607 ] } },
{ "type": "Feature", "properties": { "element": "node", "id": 9924565993 }, "geometry": { "type": "Point", "coordinates": [ 78.5461318, 17.4434504 ] } },
{ "type": "Feature", "properties": { "element": "node", "id": 10087214571 }, "geometry": { "type": "Point", "coordinates": [ 78.4973599, 17.3759689 ] } },
{ "type": "Feature", "properties": { "element": "node", "id": 10112896286 }, "geometry": { "type": "Point", "coordinates": [ 78.4292848, 17.3836203 ] } },
{ "type": "Feature", "properties": { "element": "node", "id": 10139228459 }, "geometry": { "type": "Point", "coordinates": [ 78.4261156, 17.3932979 ] } },
{ "type": "Feature", "properties": { "element": "node", "id": 10150942414 }, "geometry": { "type": "Point", "coordinates": [ 78.3547514, 17.4605484 ] } },
{ "type": "Feature", "properties": { "element": "node", "id": 10277755873 }, "geometry": { "type": "Point", "coordinates": [ 78.5619053, 17.4628046 ] } },
{ "type": "Feature", "properties": { "element": "node", "id": 10277927480 }, "geometry": { "type": "Point", "coordinates": [ 78.5426952, 17.4359366 ] } },
{ "type": "Feature", "properties": { "element": "node", "id": 10279481534 }, "geometry": { "type": "Point", "coordinates": [ 78.4408817, 17.3607193 ] } },
{ "type": "Feature", "properties": { "element": "node", "id": 10279859230 }, "geometry": { "type": "Point", "coordinates": [ 78.5685815, 17.3304195 ] } },
{ "type": "Feature", "properties": { "element": "node", "id": 10707719605 }, "geometry": { "type": "Point", "coordinates": [ 78.4539247, 17.4146159 ] } },
{ "type": "Feature", "properties": { "element": "node", "id": 10764943817 }, "geometry": { "type": "Point", "coordinates": [ 78.4479994, 17.3770917 ] } },
{ "type": "Feature", "properties": { "element": "node", "id": 10790318146 }, "geometry": { "type": "Point", "coordinates": [ 78.3716983, 17.4310175 ] } },
{ "type": "Feature", "properties": { "element": "node", "id": 10810253919 }, "geometry": { "type": "Point", "coordinates": [ 78.5991521, 17.4913757 ] } },
{ "type": "Feature", "properties": { "element": "node", "id": 10817244976 }, "geometry": { "type": "Point", "coordinates": [ 78.5224832, 17.362556 ] } },
{ "type": "Feature", "properties": { "element": "node", "id": 10898562903 }, "geometry": { "type": "Point", "coordinates": [ 78.5405264, 17.400154 ] } },
{ "type": "Feature", "properties": { "element": "node", "id": 10903111577 }, "geometry": { "type": "Point", "coordinates": [ 78.5771314, 17.330434 ] } },
{ "type": "Feature", "properties": { "element": "node", "id": 10907520061 }, "geometry": { "type": "Point", "coordinates": [ 78.4928705, 17.350229 ] } },
{ "type": "Feature", "properties": { "element": "node", "id": 10959100965 }, "geometry": { "type": "Point", "coordinates": [ 78.5720791, 17.4410992 ] } },
{ "type": "Feature", "properties": { "element": "node", "id": 10960930967 }, "geometry": { "type": "Point", "coordinates": [ 78.5034232, 17.3918203 ] } },
{ "type": "Feature", "properties": { "element": "node", "id": 10963348327 }, "geometry": { "type": "Point", "coordinates": [ 78.4516858, 17.3185122 ] } },
{ "type": "Feature", "properties": { "element": "node", "id": 10969330843 }, "geometry": { "type": "Point", "coordinates": [ 78.54187, 17.4388301 ] } },
{ "type": "Feature", "properties": { "element": "node", "id": 10969445652 }, "geometry": { "type": "Point", "coordinates": [ 78.5114615, 17.4802117 ] } },
{ "type": "Feature", "properties": { "element": "node", "id": 10970003770 }, "geometry": { "type": "Point", "coordinates": [ 78.4624848, 17.3923182 ] } },
{ "type": "Feature", "properties": { "element": "node", "id": 10978601404 }, "geometry": { "type": "Point", "coordinates": [ 78.3988543, 17.4946616 ] } },
{ "type": "Feature", "properties": { "element": "node", "id": 10979651240 }, "geometry": { "type": "Point", "coordinates": [ 78.4883948, 17.4362942 ] } },
{ "type": "Feature", "properties": { "element": "node", "id": 10980671499 }, "geometry": { "type": "Point", "coordinates": [ 78.4616853, 17.3558969 ] } },
{ "type": "Feature", "properties": { "element": "node", "id": 10981832890 }, "geometry": { "type": "Point", "coordinates": [ 78.436038, 17.5183467 ] } },
{ "type": "Feature", "properties": { "element": "node", "id": 10988874811 }, "geometry": { "type": "Point", "coordinates": [ 78.4704535, 17.37514 ] } },
{ "type": "Feature", "properties": { "element": "node", "id": 10989320886 }, "geometry": { "type": "Point", "coordinates": [ 78.4128852, 17.4294258 ] } },
{ "type": "Feature", "properties": { "element": "node", "id": 10989338873 }, "geometry": { "type": "Point", "coordinates": [ 78.521531, 17.4431993 ] } },
{ "type": "Feature", "properties": { "element": "node", "id": 10989359035 }, "geometry": { "type": "Point", "coordinates": [ 78.5178213, 17.3921953 ] } },
{ "type": "Feature", "properties": { "element": "node", "id": 10989937724 }, "geometry": { "type": "Point", "coordinates": [ 78.5324286, 17.4445006 ] } },
{ "type": "Feature", "properties": { "element": "node", "id": 10991122259 }, "geometry": { "type": "Point", "coordinates": [ 78.455315100000021, 17.3700946 ] } },
{ "type": "Feature", "properties": { "element": "node", "id": 10991133880 }, "geometry": { "type": "Point", "coordinates": [ 78.4772287, 17.3631392 ] } },
{ "type": "Feature", "properties": { "element": "node", "id": 10991148282 }, "geometry": { "type": "Point", "coordinates": [ 78.4737962, 17.3414205 ] } },
{ "type": "Feature", "properties": { "element": "node", "id": 10991379681 }, "geometry": { "type": "Point", "coordinates": [ 78.2883202, 17.5138189 ] } },
{ "type": "Feature", "properties": { "element": "node", "id": 10991411820 }, "geometry": { "type": "Point", "coordinates": [ 78.5242157, 17.3670329 ] } },
{ "type": "Feature", "properties": { "element": "node", "id": 10991419156 }, "geometry": { "type": "Point", "coordinates": [ 78.35822690000002, 17.4761785 ] } },
{ "type": "Feature", "properties": { "element": "node", "id": 10992582390 }, "geometry": { "type": "Point", "coordinates": [ 78.3993991, 17.4570001 ] } },
{ "type": "Feature", "properties": { "element": "node", "id": 10993267945 }, "geometry": { "type": "Point", "coordinates": [ 78.5652052, 17.3314694 ] } },
{ "type": "Feature", "properties": { "element": "node", "id": 10994456803 }, "geometry": { "type": "Point", "coordinates": [ 78.4765585, 17.4372081 ] } },
{ "type": "Feature", "properties": { "element": "node", "id": 10994481193 }, "geometry": { "type": "Point", "coordinates": [ 78.4992443, 17.4273299 ] } },
{ "type": "Feature", "properties": { "element": "node", "id": 10994494527 }, "geometry": { "type": "Point", "coordinates": [ 78.3870904, 17.4835981 ] } },
{ "type": "Feature", "properties": { "element": "node", "id": 10994567639 }, "geometry": { "type": "Point", "coordinates": [ 78.459544, 17.3639026 ] } },
{ "type": "Feature", "properties": { "element": "node", "id": 11001478580 }, "geometry": { "type": "Point", "coordinates": [ 78.4986489, 17.4207555 ] } },
{ "type": "Feature", "properties": { "element": "node", "id": 11001495387 }, "geometry": { "type": "Point", "coordinates": [ 78.5107232, 17.4302213 ] } },
{ "type": "Feature", "properties": { "element": "node", "id": 11001513668 }, "geometry": { "type": "Point", "coordinates": [ 78.5192979, 17.4265349 ] } },
{ "type": "Feature", "properties": { "element": "node", "id": 11001517796 }, "geometry": { "type": "Point", "coordinates": [ 78.523223, 17.4340992 ] } },
{ "type": "Feature", "properties": { "element": "node", "id": 11001518575 }, "geometry": { "type": "Point", "coordinates": [ 78.5115295, 17.4214334 ] } },
{ "type": "Feature", "properties": { "element": "node", "id": 11001533718 }, "geometry": { "type": "Point", "coordinates": [ 78.4979703, 17.4284047 ] } },
{ "type": "Feature", "properties": { "element": "node", "id": 11001534025 }, "geometry": { "type": "Point", "coordinates": [ 78.4911923, 17.4137227 ] } },
{ "type": "Feature", "properties": { "element": "node", "id": 11001535091 }, "geometry": { "type": "Point", "coordinates": [ 78.4871744, 17.4328626 ] } },
{ "type": "Feature", "properties": { "element": "node", "id": 11001538902 }, "geometry": { "type": "Point", "coordinates": [ 78.4981553, 17.4146415 ] } },
{ "type": "Feature", "properties": { "element": "node", "id": 11001542598 }, "geometry": { "type": "Point", "coordinates": [ 78.5213253, 17.4439108 ] } },
{ "type": "Feature", "properties": { "element": "node", "id": 11001543630 }, "geometry": { "type": "Point", "coordinates": [ 78.4901328, 17.4348048 ] } },
{ "type": "Feature", "properties": { "element": "node", "id": 11001544010 }, "geometry": { "type": "Point", "coordinates": [ 78.5321201, 17.4504805 ] } },
{ "type": "Feature", "properties": { "element": "node", "id": 11002043329 }, "geometry": { "type": "Point", "coordinates": [ 78.5482965, 17.3589331 ] } },
{ "type": "Feature", "properties": { "element": "node", "id": 11005197974 }, "geometry": { "type": "Point", "coordinates": [ 78.5310178, 17.3979133 ] } },
{ "type": "Feature", "properties": { "element": "node", "id": 11005234819 }, "geometry": { "type": "Point", "coordinates": [ 78.5310394, 17.4571819 ] } },
{ "type": "Feature", "properties": { "element": "node", "id": 11005285178 }, "geometry": { "type": "Point", "coordinates": [ 78.5376106, 17.4578291 ] } },
{ "type": "Feature", "properties": { "element": "node", "id": 11005951281 }, "geometry": { "type": "Point", "coordinates": [ 78.4219109, 17.4448127 ] } },
{ "type": "Feature", "properties": { "element": "node", "id": 11005968513 }, "geometry": { "type": "Point", "coordinates": [ 78.4248854, 17.4485486 ] } },
{ "type": "Feature", "properties": { "element": "node", "id": 11005970307 }, "geometry": { "type": "Point", "coordinates": [ 78.4230964, 17.449219 ] } },
{ "type": "Feature", "properties": { "element": "node", "id": 11010061589 }, "geometry": { "type": "Point", "coordinates": [ 78.4622633, 17.4979765 ] } },
{ "type": "Feature", "properties": { "element": "node", "id": 11010099007 }, "geometry": { "type": "Point", "coordinates": [ 78.5042332, 17.5063246 ] } },
{ "type": "Feature", "properties": { "element": "node", "id": 11021349280 }, "geometry": { "type": "Point", "coordinates": [ 78.3926882, 17.4163843 ] } },
{ "type": "Feature", "properties": { "element": "node", "id": 11021368402 }, "geometry": { "type": "Point", "coordinates": [ 78.4359361, 17.4254925 ] } },
{ "type": "Feature", "properties": { "element": "node", "id": 11021368403 }, "geometry": { "type": "Point", "coordinates": [ 78.4396832, 17.4138251 ] } },
{ "type": "Feature", "properties": { "element": "node", "id": 11021399428 }, "geometry": { "type": "Point", "coordinates": [ 78.4084757, 17.4163204 ] } },
{ "type": "Feature", "properties": { "element": "node", "id": 11024113316 }, "geometry": { "type": "Point", "coordinates": [ 78.5690729, 17.4823881 ] } },
{ "type": "Feature", "properties": { "element": "node", "id": 11024124921 }, "geometry": { "type": "Point", "coordinates": [ 78.5765503, 17.4457902 ] } },
{ "type": "Feature", "properties": { "element": "node", "id": 11027212874 }, "geometry": { "type": "Point", "coordinates": [ 78.4375187, 17.5396853 ] } },
{ "type": "Feature", "properties": { "element": "node", "id": 11027230830 }, "geometry": { "type": "Point", "coordinates": [ 78.4614037, 17.3984329 ] } },
{ "type": "Feature", "properties": { "element": "node", "id": 11027286314 }, "geometry": { "type": "Point", "coordinates": [ 78.5213269, 17.3273676 ] } },
{ "type": "Feature", "properties": { "element": "node", "id": 11027534552 }, "geometry": { "type": "Point", "coordinates": [ 78.4455728, 17.4317717 ] } },
{ "type": "Feature", "properties": { "element": "node", "id": 11027534558 }, "geometry": { "type": "Point", "coordinates": [ 78.446036, 17.4319921 ] } },
{ "type": "Feature", "properties": { "element": "node", "id": 11027534563 }, "geometry": { "type": "Point", "coordinates": [ 78.4473474, 17.4314966 ] } },
{ "type": "Feature", "properties": { "element": "node", "id": 11027534564 }, "geometry": { "type": "Point", "coordinates": [ 78.4487075, 17.4302495 ] } },
{ "type": "Feature", "properties": { "element": "node", "id": 11027996625 }, "geometry": { "type": "Point", "coordinates": [ 78.5737856, 17.3213427 ] } },
{ "type": "Feature", "properties": { "element": "node", "id": 11028194228 }, "geometry": { "type": "Point", "coordinates": [ 78.4986596, 17.3578067 ] } },
{ "type": "Feature", "properties": { "element": "node", "id": 11028219397 }, "geometry": { "type": "Point", "coordinates": [ 78.49631, 17.3639917 ] } },
{ "type": "Feature", "properties": { "element": "node", "id": 11028230881 }, "geometry": { "type": "Point", "coordinates": [ 78.4901865, 17.3730794 ] } },
{ "type": "Feature", "properties": { "element": "node", "id": 11028244334 }, "geometry": { "type": "Point", "coordinates": [ 78.4891351, 17.3849593 ] } },
{ "type": "Feature", "properties": { "element": "node", "id": 11028245894 }, "geometry": { "type": "Point", "coordinates": [ 78.4894301, 17.3771853 ] } },
{ "type": "Feature", "properties": { "element": "node", "id": 11028255847 }, "geometry": { "type": "Point", "coordinates": [ 78.4885825, 17.3816956 ] } },
{ "type": "Feature", "properties": { "element": "node", "id": 11030884944 }, "geometry": { "type": "Point", "coordinates": [ 78.5244222, 17.358992 ] } },
{ "type": "Feature", "properties": { "element": "node", "id": 11030887961 }, "geometry": { "type": "Point", "coordinates": [ 78.5378413, 17.3642323 ] } },
{ "type": "Feature", "properties": { "element": "node", "id": 11037390233 }, "geometry": { "type": "Point", "coordinates": [ 78.4855731, 17.3656326 ] } },
{ "type": "Feature", "properties": { "element": "node", "id": 11037397227 }, "geometry": { "type": "Point", "coordinates": [ 78.4871985, 17.3574611 ] } },
{ "type": "Feature", "properties": { "element": "node", "id": 11037398543 }, "geometry": { "type": "Point", "coordinates": [ 78.4810616, 17.3707883 ] } },
{ "type": "Feature", "properties": { "element": "node", "id": 11037398544 }, "geometry": { "type": "Point", "coordinates": [ 78.473843800000012, 17.3725623 ] } },
{ "type": "Feature", "properties": { "element": "node", "id": 11037401937 }, "geometry": { "type": "Point", "coordinates": [ 78.4832744, 17.3739753 ] } },
{ "type": "Feature", "properties": { "element": "node", "id": 11037405943 }, "geometry": { "type": "Point", "coordinates": [ 78.4852226, 17.3594784 ] } },
{ "type": "Feature", "properties": { "element": "node", "id": 11037406356 }, "geometry": { "type": "Point", "coordinates": [ 78.4644909, 17.3881947 ] } },
{ "type": "Feature", "properties": { "element": "node", "id": 11037414562 }, "geometry": { "type": "Point", "coordinates": [ 78.4676747, 17.3814192 ] } },
{ "type": "Feature", "properties": { "element": "node", "id": 11039692829 }, "geometry": { "type": "Point", "coordinates": [ 78.5598944, 17.5113638 ] } },
{ "type": "Feature", "properties": { "element": "node", "id": 11039714274 }, "geometry": { "type": "Point", "coordinates": [ 78.540644200000017, 17.4686391 ] } },
{ "type": "Feature", "properties": { "element": "node", "id": 11050792292 }, "geometry": { "type": "Point", "coordinates": [ 78.4424116, 17.4563251 ] } },
{ "type": "Feature", "properties": { "element": "node", "id": 11082456129 }, "geometry": { "type": "Point", "coordinates": [ 78.4115501, 17.4566753 ] } },
{ "type": "Feature", "properties": { "element": "node", "id": 11082456132 }, "geometry": { "type": "Point", "coordinates": [ 78.4103806, 17.4564341 ] } },
{ "type": "Feature", "properties": { "element": "node", "id": 11098927505 }, "geometry": { "type": "Point", "coordinates": [ 78.5365962, 17.3934464 ] } },
{ "type": "Feature", "properties": { "element": "node", "id": 11330792641 }, "geometry": { "type": "Point", "coordinates": [ 78.4566843, 17.424595 ] } },
{ "type": "Feature", "properties": { "element": "node", "id": 11365536218 }, "geometry": { "type": "Point", "coordinates": [ 78.4680874, 17.337349 ] } },
{ "type": "Feature", "properties": { "element": "node", "id": 11502921958 }, "geometry": { "type": "Point", "coordinates": [ 78.5645025, 17.4113108 ] } },
{ "type": "Feature", "properties": { "element": "node", "id": 11597432752 }, "geometry": { "type": "Point", "coordinates": [ 78.5426995, 17.3677496 ] } },
{ "type": "Feature", "properties": { "element": "node", "id": 11646727019 }, "geometry": { "type": "Point", "coordinates": [ 78.5101448, 17.4019228 ] } },
{ "type": "Feature", "properties": { "element": "node", "id": 11690468635 }, "geometry": { "type": "Point", "coordinates": [ 78.6007159, 17.3147451 ] } },
{ "type": "Feature", "properties": { "element": "node", "id": 11690983148 }, "geometry": { "type": "Point", "coordinates": [ 78.5513048, 17.4750817 ] } },
{ "type": "Feature", "properties": { "element": "node", "id": 11691161379 }, "geometry": { "type": "Point", "coordinates": [ 78.5514064, 17.4754793 ] } },
{ "type": "Feature", "properties": { "element": "node", "id": 11736376192 }, "geometry": { "type": "Point", "coordinates": [ 78.3910656, 17.4915484 ] } },
{ "type": "Feature", "properties": { "element": "node", "id": 11770988839 }, "geometry": { "type": "Point", "coordinates": [ 78.3675806, 17.4364246 ] } },
{ "type": "Feature", "properties": { "element": "node", "id": 11770993373 }, "geometry": { "type": "Point", "coordinates": [ 78.4204028, 17.4771569 ] } },
{ "type": "Feature", "properties": { "element": "node", "id": 11770993380 }, "geometry": { "type": "Point", "coordinates": [ 78.384176, 17.4622687 ] } },
{ "type": "Feature", "properties": { "element": "node", "id": 11821271825 }, "geometry": { "type": "Point", "coordinates": [ 78.421752, 17.4538625 ] } },
{ "type": "Feature", "properties": { "element": "node", "id": 11917332899 }, "geometry": { "type": "Point", "coordinates": [ 78.4555965, 17.4010563 ] } },
{ "type": "Feature", "properties": { "element": "node", "id": 11921464277 }, "geometry": { "type": "Point", "coordinates": [ 78.4577277, 17.5008159 ] } },
{ "type": "Feature", "properties": { "element": "node", "id": 11921493915 }, "geometry": { "type": "Point", "coordinates": [ 78.486900500000019, 17.3097376 ] } },
{ "type": "Feature", "properties": { "element": "node", "id": 11925953631 }, "geometry": { "type": "Point", "coordinates": [ 78.4562354, 17.3841667 ] } },
{ "type": "Feature", "properties": { "element": "node", "id": 11930063266 }, "geometry": { "type": "Point", "coordinates": [ 78.4368087, 17.4062163 ] } },
{ "type": "Feature", "properties": { "element": "node", "id": 11930083525 }, "geometry": { "type": "Point", "coordinates": [ 78.4594635, 17.3388251 ] } },
{ "type": "Feature", "properties": { "element": "node", "id": 11930098383 }, "geometry": { "type": "Point", "coordinates": [ 78.4855397, 17.3378976 ] } },
{ "type": "Feature", "properties": { "element": "node", "id": 11930116019 }, "geometry": { "type": "Point", "coordinates": [ 78.4023645, 17.4577166 ] } },
{ "type": "Feature", "properties": { "element": "node", "id": 11930213438 }, "geometry": { "type": "Point", "coordinates": [ 78.4771227, 17.3479535 ] } },
{ "type": "Feature", "properties": { "element": "node", "id": 11930238731 }, "geometry": { "type": "Point", "coordinates": [ 78.459918, 17.3518841 ] } },
{ "type": "Feature", "properties": { "element": "node", "id": 11930244808 }, "geometry": { "type": "Point", "coordinates": [ 78.4989544, 17.3916885 ] } },
{ "type": "Feature", "properties": { "element": "node", "id": 11930253631 }, "geometry": { "type": "Point", "coordinates": [ 78.4198371, 17.4806758 ] } },
{ "type": "Feature", "properties": { "element": "node", "id": 11931079727 }, "geometry": { "type": "Point", "coordinates": [ 78.4596586, 17.386034 ] } },
{ "type": "Feature", "properties": { "element": "node", "id": 11931097584 }, "geometry": { "type": "Point", "coordinates": [ 78.4620031, 17.3576473 ] } },
{ "type": "Feature", "properties": { "element": "node", "id": 11931156246 }, "geometry": { "type": "Point", "coordinates": [ 78.4295286, 17.3336415 ] } },
{ "type": "Feature", "properties": { "element": "node", "id": 11932472192 }, "geometry": { "type": "Point", "coordinates": [ 78.4112509, 17.4550307 ] } },
{ "type": "Feature", "properties": { "element": "node", "id": 11932505648 }, "geometry": { "type": "Point", "coordinates": [ 78.3851614, 17.5011464 ] } },
{ "type": "Feature", "properties": { "element": "node", "id": 11932511469 }, "geometry": { "type": "Point", "coordinates": [ 78.4230078, 17.4973462 ] } },
{ "type": "Feature", "properties": { "element": "node", "id": 11934131772 }, "geometry": { "type": "Point", "coordinates": [ 78.2672326, 17.526009 ] } },
{ "type": "Feature", "properties": { "element": "node", "id": 11934273832 }, "geometry": { "type": "Point", "coordinates": [ 78.4558855, 17.3539344 ] } },
{ "type": "Feature", "properties": { "element": "node", "id": 11934311883 }, "geometry": { "type": "Point", "coordinates": [ 78.4338427, 17.4487092 ] } },
{ "type": "Feature", "properties": { "element": "node", "id": 11934351636 }, "geometry": { "type": "Point", "coordinates": [ 78.465631, 17.3618702 ] } },
{ "type": "Feature", "properties": { "element": "node", "id": 11935458418 }, "geometry": { "type": "Point", "coordinates": [ 78.4018045, 17.3203486 ] } },
{ "type": "Feature", "properties": { "element": "node", "id": 11936085021 }, "geometry": { "type": "Point", "coordinates": [ 78.4811485, 17.390049 ] } },
{ "type": "Feature", "properties": { "element": "node", "id": 11936156147 }, "geometry": { "type": "Point", "coordinates": [ 78.4831721, 17.3144808 ] } },
{ "type": "Feature", "properties": { "element": "node", "id": 11936158149 }, "geometry": { "type": "Point", "coordinates": [ 78.4610376, 17.3986812 ] } },
{ "type": "Feature", "properties": { "element": "node", "id": 11936432679 }, "geometry": { "type": "Point", "coordinates": [ 78.5166568, 17.3960012 ] } },
{ "type": "Feature", "properties": { "element": "node", "id": 11936638169 }, "geometry": { "type": "Point", "coordinates": [ 78.4293977, 17.3975018 ] } },
{ "type": "Feature", "properties": { "element": "node", "id": 11936665895 }, "geometry": { "type": "Point", "coordinates": [ 78.4861473, 17.4087162 ] } },
{ "type": "Feature", "properties": { "element": "node", "id": 11936671649 }, "geometry": { "type": "Point", "coordinates": [ 78.434959, 17.4454284 ] } },
{ "type": "Feature", "properties": { "element": "node", "id": 11936689756 }, "geometry": { "type": "Point", "coordinates": [ 78.4800924, 17.3276718 ] } },
{ "type": "Feature", "properties": { "element": "node", "id": 11936728726 }, "geometry": { "type": "Point", "coordinates": [ 78.5612475, 17.4024775 ] } },
{ "type": "Feature", "properties": { "element": "node", "id": 11937396786 }, "geometry": { "type": "Point", "coordinates": [ 78.4571412, 17.3339005 ] } },
{ "type": "Feature", "properties": { "element": "node", "id": 11937453995 }, "geometry": { "type": "Point", "coordinates": [ 78.4250398, 17.5141582 ] } },
{ "type": "Feature", "properties": { "element": "node", "id": 11937489795 }, "geometry": { "type": "Point", "coordinates": [ 78.4674183, 17.3684615 ] } },
{ "type": "Feature", "properties": { "element": "node", "id": 11938078386 }, "geometry": { "type": "Point", "coordinates": [ 78.442592, 17.3377885 ] } },
{ "type": "Feature", "properties": { "element": "node", "id": 11938175021 }, "geometry": { "type": "Point", "coordinates": [ 78.5388646, 17.3285147 ] } },
{ "type": "Feature", "properties": { "element": "node", "id": 11938602461 }, "geometry": { "type": "Point", "coordinates": [ 78.408466, 17.5122039 ] } },
{ "type": "Feature", "properties": { "element": "node", "id": 11938622049 }, "geometry": { "type": "Point", "coordinates": [ 78.4601927, 17.392244 ] } },
{ "type": "Feature", "properties": { "element": "node", "id": 11938631250 }, "geometry": { "type": "Point", "coordinates": [ 78.5162616, 17.5216284 ] } },
{ "type": "Feature", "properties": { "element": "node", "id": 11938915093 }, "geometry": { "type": "Point", "coordinates": [ 78.5721615, 17.3251835 ] } },
{ "type": "Feature", "properties": { "element": "node", "id": 11939112887 }, "geometry": { "type": "Point", "coordinates": [ 78.4431928, 17.3552543 ] } },
{ "type": "Feature", "properties": { "element": "node", "id": 11939197133 }, "geometry": { "type": "Point", "coordinates": [ 78.5856536, 17.4139024 ] } },
{ "type": "Feature", "properties": { "element": "node", "id": 11939462297 }, "geometry": { "type": "Point", "coordinates": [ 78.5085145, 17.3922502 ] } },
{ "type": "Feature", "properties": { "element": "node", "id": 11940064177 }, "geometry": { "type": "Point", "coordinates": [ 78.443473, 17.452747 ] } },
{ "type": "Feature", "properties": { "element": "node", "id": 11940092750 }, "geometry": { "type": "Point", "coordinates": [ 78.4361121, 17.4506724 ] } },
{ "type": "Feature", "properties": { "element": "node", "id": 11940114883 }, "geometry": { "type": "Point", "coordinates": [ 78.4567152, 17.4073576 ] } },
{ "type": "Feature", "properties": { "element": "node", "id": 11940167137 }, "geometry": { "type": "Point", "coordinates": [ 78.4412909, 17.4908954 ] } },
{ "type": "Feature", "properties": { "element": "node", "id": 11940214216 }, "geometry": { "type": "Point", "coordinates": [ 78.4481001, 17.4418967 ] } },
{ "type": "Feature", "properties": { "element": "node", "id": 11940270256 }, "geometry": { "type": "Point", "coordinates": [ 78.4527871, 17.3871159 ] } },
{ "type": "Feature", "properties": { "element": "node", "id": 11941197035 }, "geometry": { "type": "Point", "coordinates": [ 78.3805627, 17.3513438 ] } },
{ "type": "Feature", "properties": { "element": "node", "id": 11941292390 }, "geometry": { "type": "Point", "coordinates": [ 78.4154946, 17.3627476 ] } },
{ "type": "Feature", "properties": { "element": "node", "id": 11942015614 }, "geometry": { "type": "Point", "coordinates": [ 78.449083, 17.3164365 ] } },
{ "type": "Feature", "properties": { "element": "node", "id": 11942191384 }, "geometry": { "type": "Point", "coordinates": [ 78.5366812, 17.5270508 ] } },
{ "type": "Feature", "properties": { "element": "node", "id": 11942389940 }, "geometry": { "type": "Point", "coordinates": [ 78.5679162, 17.3517789 ] } },
{ "type": "Feature", "properties": { "element": "node", "id": 11942434457 }, "geometry": { "type": "Point", "coordinates": [ 78.4010597, 17.3833133 ] } },
{ "type": "Feature", "properties": { "element": "node", "id": 11942628759 }, "geometry": { "type": "Point", "coordinates": [ 78.4886785, 17.4667384 ] } },
{ "type": "Feature", "properties": { "element": "node", "id": 11942629822 }, "geometry": { "type": "Point", "coordinates": [ 78.4783334, 17.3913867 ] } },
{ "type": "Feature", "properties": { "element": "node", "id": 12185383852 }, "geometry": { "type": "Point", "coordinates": [ 78.4556625, 17.3951477 ] } },
{ "type": "Feature", "properties": { "element": "node", "id": 12289411655 }, "geometry": { "type": "Point", "coordinates": [ 78.5811285, 17.3667392 ] } },
{ "type": "Feature", "properties": { "element": "node", "id": 12325590356 }, "geometry": { "type": "Point", "coordinates": [ 78.4116857, 17.4024844 ] } },
{ "type": "Feature", "properties": { "element": "node", "id": 12404643201 }, "geometry": { "type": "Point", "coordinates": [ 78.5104584, 17.4048423 ] } },
{ "type": "Feature", "properties": { "element": "node", "id": 12404643202 }, "geometry": { "type": "Point", "coordinates": [ 78.5104807, 17.4049028 ] } },
{ "type": "Feature", "properties": { "element": "node", "id": 12486242066 }, "geometry": { "type": "Point", "coordinates": [ 78.4924255, 17.4612688 ] } },
{ "type": "Feature", "properties": { "element": "node", "id": 12536226054 }, "geometry": { "type": "Point", "coordinates": [ 78.5681603, 17.4754498 ] } },
{ "type": "Feature", "properties": { "element": "node", "id": 12538717598 }, "geometry": { "type": "Point", "coordinates": [ 78.5681603, 17.4754498 ] } },
{ "type": "Feature", "properties": { "element": "node", "id": 12565848764 }, "geometry": { "type": "Point", "coordinates": [ 78.4745244, 17.3535776 ] } },
{ "type": "Feature", "properties": { "element": "node", "id": 12581496078 }, "geometry": { "type": "Point", "coordinates": [ 78.446523700000014, 17.4143356 ] } },
{ "type": "Feature", "properties": { "element": "node", "id": 12669348711 }, "geometry": { "type": "Point", "coordinates": [ 78.4497546, 17.4865279 ] } },
{ "type": "Feature", "properties": { "element": "node", "id": 12852366410 }, "geometry": { "type": "Point", "coordinates": [ 78.5299056, 17.3959816 ] } },
{ "type": "Feature", "properties": { "element": "node", "id": 12852371077 }, "geometry": { "type": "Point", "coordinates": [ 78.5299096, 17.3943514 ] } },
{ "type": "Feature", "properties": { "element": "node", "id": 12854636891 }, "geometry": { "type": "Point", "coordinates": [ 78.4283221, 17.5060153 ] } },
{ "type": "Feature", "properties": { "element": "node", "id": 13020731415 }, "geometry": { "type": "Point", "coordinates": [ 78.3872398, 17.4731157 ] } },
{ "type": "Feature", "properties": { "element": "node", "id": 13169104952 }, "geometry": { "type": "Point", "coordinates": [ 78.3871998, 17.473193 ] } },
{ "type": "Feature", "properties": { "element": "node", "id": 13181481501 }, "geometry": { "type": "Point", "coordinates": [ 78.585004, 17.363751 ] } },
{ "type": "Feature", "properties": { "element": "relation", "id": 5330163 }, "geometry": { "type": "Point", "coordinates": [ 78.45344264175769, 17.422620974707492 ] } },
{ "type": "Feature", "properties": { "element": "relation", "id": 11902466 }, "geometry": { "type": "Point", "coordinates": [ 78.366149995047607, 17.443277709608076 ] } },
{ "type": "Feature", "properties": { "element": "way", "id": 31549640 }, "geometry": { "type": "Point", "coordinates": [ 78.442376149999163, 17.439328200009122 ] } },
{ "type": "Feature", "properties": { "element": "way", "id": 116037991 }, "geometry": { "type": "Point", "coordinates": [ 78.451486239560893, 17.408089670814594 ] } },
{ "type": "Feature", "properties": { "element": "way", "id": 131503627 }, "geometry": { "type": "Point", "coordinates": [ 78.483063683042815, 17.398223469635067 ] } },
{ "type": "Feature", "properties": { "element": "way", "id": 146312947 }, "geometry": { "type": "Point", "coordinates": [ 78.556167560024775, 17.351613480830405 ] } },
{ "type": "Feature", "properties": { "element": "way", "id": 182703660 }, "geometry": { "type": "Point", "coordinates": [ 78.427291973959555, 17.393624623942607 ] } },
{ "type": "Feature", "properties": { "element": "way", "id": 200173462 }, "geometry": { "type": "Point", "coordinates": [ 78.353011157489675, 17.463138277398158 ] } },
{ "type": "Feature", "properties": { "element": "way", "id": 237976870 }, "geometry": { "type": "Point", "coordinates": [ 78.451528577276449, 17.4217230383891 ] } },
{ "type": "Feature", "properties": { "element": "way", "id": 238194521 }, "geometry": { "type": "Point", "coordinates": [ 78.475051600007561, 17.36036091723647 ] } },
{ "type": "Feature", "properties": { "element": "way", "id": 238195448 }, "geometry": { "type": "Point", "coordinates": [ 78.4613797361434, 17.398741294820013 ] } },
{ "type": "Feature", "properties": { "element": "way", "id": 238282935 }, "geometry": { "type": "Point", "coordinates": [ 78.510282899499714, 17.402036500481291 ] } },
{ "type": "Feature", "properties": { "element": "way", "id": 238284087 }, "geometry": { "type": "Point", "coordinates": [ 78.474081739929147, 17.369369229331028 ] } },
{ "type": "Feature", "properties": { "element": "way", "id": 238298641 }, "geometry": { "type": "Point", "coordinates": [ 78.46741489238704, 17.368447333336245 ] } },
{ "type": "Feature", "properties": { "element": "way", "id": 238302531 }, "geometry": { "type": "Point", "coordinates": [ 78.47369650702511, 17.372722152265542 ] } },
{ "type": "Feature", "properties": { "element": "way", "id": 238857285 }, "geometry": { "type": "Point", "coordinates": [ 78.266410702982455, 17.530297909720055 ] } },
{ "type": "Feature", "properties": { "element": "way", "id": 238860802 }, "geometry": { "type": "Point", "coordinates": [ 78.4068060681861, 17.49019167099901 ] } },
{ "type": "Feature", "properties": { "element": "way", "id": 246257880 }, "geometry": { "type": "Point", "coordinates": [ 78.404604494396708, 17.314017769079275 ] } },
{ "type": "Feature", "properties": { "element": "way", "id": 251804751 }, "geometry": { "type": "Point", "coordinates": [ 78.393124376620605, 17.491028152468846 ] } },
{ "type": "Feature", "properties": { "element": "way", "id": 252285892 }, "geometry": { "type": "Point", "coordinates": [ 78.530675814207243, 17.425380799018392 ] } },
{ "type": "Feature", "properties": { "element": "way", "id": 253465843 }, "geometry": { "type": "Point", "coordinates": [ 78.570837499999953, 17.401095199998544 ] } },
{ "type": "Feature", "properties": { "element": "way", "id": 253467402 }, "geometry": { "type": "Point", "coordinates": [ 78.591445070584257, 17.405867906005284 ] } },
{ "type": "Feature", "properties": { "element": "way", "id": 254295845 }, "geometry": { "type": "Point", "coordinates": [ 78.339130690318072, 17.417664578401546 ] } },
{ "type": "Feature", "properties": { "element": "way", "id": 265036384 }, "geometry": { "type": "Point", "coordinates": [ 78.534055323443198, 17.364810826665334 ] } },
{ "type": "Feature", "properties": { "element": "way", "id": 265204509 }, "geometry": { "type": "Point", "coordinates": [ 78.305276273479066, 17.496810553137522 ] } },
{ "type": "Feature", "properties": { "element": "way", "id": 265415839 }, "geometry": { "type": "Point", "coordinates": [ 78.495522782481245, 17.411581477372152 ] } },
{ "type": "Feature", "properties": { "element": "way", "id": 265627804 }, "geometry": { "type": "Point", "coordinates": [ 78.489399880230337, 17.410198083792455 ] } },
{ "type": "Feature", "properties": { "element": "way", "id": 265627851 }, "geometry": { "type": "Point", "coordinates": [ 78.489285641654902, 17.41040715015075 ] } },
{ "type": "Feature", "properties": { "element": "way", "id": 265632074 }, "geometry": { "type": "Point", "coordinates": [ 78.490533291686077, 17.413543676779469 ] } },
{ "type": "Feature", "properties": { "element": "way", "id": 274482470 }, "geometry": { "type": "Point", "coordinates": [ 78.482646429398073, 17.437212735502481 ] } },
{ "type": "Feature", "properties": { "element": "way", "id": 281543243 }, "geometry": { "type": "Point", "coordinates": [ 78.498528323832417, 17.372558218734575 ] } },
{ "type": "Feature", "properties": { "element": "way", "id": 281981271 }, "geometry": { "type": "Point", "coordinates": [ 78.443741068012983, 17.454422485658164 ] } },
{ "type": "Feature", "properties": { "element": "way", "id": 319567707 }, "geometry": { "type": "Point", "coordinates": [ 78.500967231814215, 17.396227800581833 ] } },
{ "type": "Feature", "properties": { "element": "way", "id": 319567708 }, "geometry": { "type": "Point", "coordinates": [ 78.503417361327323, 17.423127881677086 ] } },
{ "type": "Feature", "properties": { "element": "way", "id": 331214092 }, "geometry": { "type": "Point", "coordinates": [ 78.406626428223348, 17.497101265623229 ] } },
{ "type": "Feature", "properties": { "element": "way", "id": 331629144 }, "geometry": { "type": "Point", "coordinates": [ 78.552897017705163, 17.482613734005074 ] } },
{ "type": "Feature", "properties": { "element": "way", "id": 331631567 }, "geometry": { "type": "Point", "coordinates": [ 78.403170465203573, 17.494151047280745 ] } },
{ "type": "Feature", "properties": { "element": "way", "id": 331633380 }, "geometry": { "type": "Point", "coordinates": [ 78.563114630004378, 17.476378457915345 ] } },
{ "type": "Feature", "properties": { "element": "way", "id": 331773168 }, "geometry": { "type": "Point", "coordinates": [ 78.519153206509571, 17.396633458759183 ] } },
{ "type": "Feature", "properties": { "element": "way", "id": 337928613 }, "geometry": { "type": "Point", "coordinates": [ 78.450407375718584, 17.41248098186086 ] } },
{ "type": "Feature", "properties": { "element": "way", "id": 341185823 }, "geometry": { "type": "Point", "coordinates": [ 78.396680399995006, 17.495446000000541 ] } },
{ "type": "Feature", "properties": { "element": "way", "id": 341192059 }, "geometry": { "type": "Point", "coordinates": [ 78.398535749991098, 17.494683500006335 ] } },
{ "type": "Feature", "properties": { "element": "way", "id": 343603096 }, "geometry": { "type": "Point", "coordinates": [ 78.397428935554601, 17.491679284682419 ] } },
{ "type": "Feature", "properties": { "element": "way", "id": 343606383 }, "geometry": { "type": "Point", "coordinates": [ 78.388436000001519, 17.503383200002794 ] } },
{ "type": "Feature", "properties": { "element": "way", "id": 344478708 }, "geometry": { "type": "Point", "coordinates": [ 78.507348425031481, 17.342403398464864 ] } },
{ "type": "Feature", "properties": { "element": "way", "id": 353782722 }, "geometry": { "type": "Point", "coordinates": [ 78.497825971267702, 17.393067047732792 ] } },
{ "type": "Feature", "properties": { "element": "way", "id": 355678228 }, "geometry": { "type": "Point", "coordinates": [ 78.397575909352256, 17.496663800871225 ] } },
{ "type": "Feature", "properties": { "element": "way", "id": 355678288 }, "geometry": { "type": "Point", "coordinates": [ 78.389049358039458, 17.501984231296124 ] } },
{ "type": "Feature", "properties": { "element": "way", "id": 355688230 }, "geometry": { "type": "Point", "coordinates": [ 78.396871229438119, 17.518463341513478 ] } },
{ "type": "Feature", "properties": { "element": "way", "id": 355881714 }, "geometry": { "type": "Point", "coordinates": [ 78.48248814999917, 17.527962150006008 ] } },
{ "type": "Feature", "properties": { "element": "way", "id": 355979902 }, "geometry": { "type": "Point", "coordinates": [ 78.489528988262137, 17.468819438309055 ] } },
{ "type": "Feature", "properties": { "element": "way", "id": 356159628 }, "geometry": { "type": "Point", "coordinates": [ 78.384056708730569, 17.44676023534711 ] } },
{ "type": "Feature", "properties": { "element": "way", "id": 356200125 }, "geometry": { "type": "Point", "coordinates": [ 78.56486858251904, 17.469294751906325 ] } },
{ "type": "Feature", "properties": { "element": "way", "id": 356234454 }, "geometry": { "type": "Point", "coordinates": [ 78.417209666662984, 17.430794399991289 ] } },
{ "type": "Feature", "properties": { "element": "way", "id": 356234494 }, "geometry": { "type": "Point", "coordinates": [ 78.41755746487668, 17.416419005393788 ] } },
{ "type": "Feature", "properties": { "element": "way", "id": 356240039 }, "geometry": { "type": "Point", "coordinates": [ 78.319749390677714, 17.4953973275503 ] } },
{ "type": "Feature", "properties": { "element": "way", "id": 356248376 }, "geometry": { "type": "Point", "coordinates": [ 78.533943063523537, 17.451016545182362 ] } },
{ "type": "Feature", "properties": { "element": "way", "id": 356249092 }, "geometry": { "type": "Point", "coordinates": [ 78.534964556654373, 17.450262923502983 ] } },
{ "type": "Feature", "properties": { "element": "way", "id": 356253303 }, "geometry": { "type": "Point", "coordinates": [ 78.504281149994682, 17.421667449996647 ] } },
{ "type": "Feature", "properties": { "element": "way", "id": 356261664 }, "geometry": { "type": "Point", "coordinates": [ 78.424279650009638, 17.430721450026205 ] } },
{ "type": "Feature", "properties": { "element": "way", "id": 356270074 }, "geometry": { "type": "Point", "coordinates": [ 78.456390250038581, 17.424960599963704 ] } },
{ "type": "Feature", "properties": { "element": "way", "id": 356271386 }, "geometry": { "type": "Point", "coordinates": [ 78.424018795196659, 17.41358977761206 ] } },
{ "type": "Feature", "properties": { "element": "way", "id": 356439747 }, "geometry": { "type": "Point", "coordinates": [ 78.497126465322154, 17.441798401735639 ] } },
{ "type": "Feature", "properties": { "element": "way", "id": 356464777 }, "geometry": { "type": "Point", "coordinates": [ 78.443823638395216, 17.443028476954108 ] } },
{ "type": "Feature", "properties": { "element": "way", "id": 356484492 }, "geometry": { "type": "Point", "coordinates": [ 78.48238615583422, 17.394003976505612 ] } },
{ "type": "Feature", "properties": { "element": "way", "id": 356493413 }, "geometry": { "type": "Point", "coordinates": [ 78.541015960360326, 17.415709325300192 ] } },
{ "type": "Feature", "properties": { "element": "way", "id": 356517417 }, "geometry": { "type": "Point", "coordinates": [ 78.472069823564965, 17.395042088621512 ] } },
{ "type": "Feature", "properties": { "element": "way", "id": 356534891 }, "geometry": { "type": "Point", "coordinates": [ 78.455085050000548, 17.434927200003305 ] } },
{ "type": "Feature", "properties": { "element": "way", "id": 356535696 }, "geometry": { "type": "Point", "coordinates": [ 78.476115050228771, 17.406903373967218 ] } },
{ "type": "Feature", "properties": { "element": "way", "id": 356535887 }, "geometry": { "type": "Point", "coordinates": [ 78.45179900000862, 17.394349450002036 ] } },
{ "type": "Feature", "properties": { "element": "way", "id": 356548444 }, "geometry": { "type": "Point", "coordinates": [ 78.506568350141336, 17.435243249967471 ] } },
{ "type": "Feature", "properties": { "element": "way", "id": 357056659 }, "geometry": { "type": "Point", "coordinates": [ 78.521560943838836, 17.355573325201171 ] } },
{ "type": "Feature", "properties": { "element": "way", "id": 357057519 }, "geometry": { "type": "Point", "coordinates": [ 78.463144199824598, 17.405273350108679 ] } },
{ "type": "Feature", "properties": { "element": "way", "id": 357072398 }, "geometry": { "type": "Point", "coordinates": [ 78.550835350000355, 17.473971850003313 ] } },
{ "type": "Feature", "properties": { "element": "way", "id": 357101267 }, "geometry": { "type": "Point", "coordinates": [ 78.486374276597729, 17.441564455198872 ] } },
{ "type": "Feature", "properties": { "element": "way", "id": 357101676 }, "geometry": { "type": "Point", "coordinates": [ 78.486060437041502, 17.440594110707021 ] } },
{ "type": "Feature", "properties": { "element": "way", "id": 357179813 }, "geometry": { "type": "Point", "coordinates": [ 78.565896409845081, 17.355538340509074 ] } },
{ "type": "Feature", "properties": { "element": "way", "id": 357184145 }, "geometry": { "type": "Point", "coordinates": [ 78.481181802334746, 17.390412025933173 ] } },
{ "type": "Feature", "properties": { "element": "way", "id": 357444200 }, "geometry": { "type": "Point", "coordinates": [ 78.449114632518288, 17.421268902672114 ] } },
{ "type": "Feature", "properties": { "element": "way", "id": 357710710 }, "geometry": { "type": "Point", "coordinates": [ 78.500565099996223, 17.371587950034083 ] } },
{ "type": "Feature", "properties": { "element": "way", "id": 357710826 }, "geometry": { "type": "Point", "coordinates": [ 78.500654649996576, 17.372617250038793 ] } },
{ "type": "Feature", "properties": { "element": "way", "id": 357711009 }, "geometry": { "type": "Point", "coordinates": [ 78.501274180598386, 17.36917100452975 ] } },
{ "type": "Feature", "properties": { "element": "way", "id": 357971564 }, "geometry": { "type": "Point", "coordinates": [ 78.526170284884728, 17.386971532553563 ] } },
{ "type": "Feature", "properties": { "element": "way", "id": 357971577 }, "geometry": { "type": "Point", "coordinates": [ 78.526201105060224, 17.387037929019392 ] } },
{ "type": "Feature", "properties": { "element": "way", "id": 360854043 }, "geometry": { "type": "Point", "coordinates": [ 78.495604125721712, 17.44653270896675 ] } },
{ "type": "Feature", "properties": { "element": "way", "id": 360984466 }, "geometry": { "type": "Point", "coordinates": [ 78.497586979395237, 17.440280154695113 ] } },
{ "type": "Feature", "properties": { "element": "way", "id": 361374171 }, "geometry": { "type": "Point", "coordinates": [ 78.495373541783167, 17.44693018474856 ] } },
{ "type": "Feature", "properties": { "element": "way", "id": 361655217 }, "geometry": { "type": "Point", "coordinates": [ 78.486885518643092, 17.441225225009784 ] } },
{ "type": "Feature", "properties": { "element": "way", "id": 362515707 }, "geometry": { "type": "Point", "coordinates": [ 78.443765951633139, 17.371493250332048 ] } },
{ "type": "Feature", "properties": { "element": "way", "id": 364871053 }, "geometry": { "type": "Point", "coordinates": [ 78.506750346169994, 17.340898839396107 ] } },
{ "type": "Feature", "properties": { "element": "way", "id": 378458223 }, "geometry": { "type": "Point", "coordinates": [ 78.471644900002929, 17.406524599950114 ] } },
{ "type": "Feature", "properties": { "element": "way", "id": 410283789 }, "geometry": { "type": "Point", "coordinates": [ 78.483464899972375, 17.410912599995321 ] } },
{ "type": "Feature", "properties": { "element": "way", "id": 413246550 }, "geometry": { "type": "Point", "coordinates": [ 78.498661462725295, 17.438862720111068 ] } },
{ "type": "Feature", "properties": { "element": "way", "id": 413311009 }, "geometry": { "type": "Point", "coordinates": [ 78.497723918510033, 17.440055935934087 ] } },
{ "type": "Feature", "properties": { "element": "way", "id": 414408406 }, "geometry": { "type": "Point", "coordinates": [ 78.49974625538492, 17.419292657277349 ] } },
{ "type": "Feature", "properties": { "element": "way", "id": 417220229 }, "geometry": { "type": "Point", "coordinates": [ 78.475114459652303, 17.404749863494018 ] } },
{ "type": "Feature", "properties": { "element": "way", "id": 417241491 }, "geometry": { "type": "Point", "coordinates": [ 78.434839809519104, 17.445289860165609 ] } },
{ "type": "Feature", "properties": { "element": "way", "id": 417247417 }, "geometry": { "type": "Point", "coordinates": [ 78.471943572727085, 17.393584546249745 ] } },
{ "type": "Feature", "properties": { "element": "way", "id": 417285596 }, "geometry": { "type": "Point", "coordinates": [ 78.483162132461771, 17.411008565527183 ] } },
{ "type": "Feature", "properties": { "element": "way", "id": 422917298 }, "geometry": { "type": "Point", "coordinates": [ 78.311053270830655, 17.47066990437671 ] } },
{ "type": "Feature", "properties": { "element": "way", "id": 563524286 }, "geometry": { "type": "Point", "coordinates": [ 78.430412835993508, 17.41724697749984 ] } },
{ "type": "Feature", "properties": { "element": "way", "id": 579939314 }, "geometry": { "type": "Point", "coordinates": [ 78.474641909599484, 17.361602909750601 ] } },
{ "type": "Feature", "properties": { "element": "way", "id": 596480014 }, "geometry": { "type": "Point", "coordinates": [ 78.320296207925253, 17.47874993624453 ] } },
{ "type": "Feature", "properties": { "element": "way", "id": 608308376 }, "geometry": { "type": "Point", "coordinates": [ 78.583852574416795, 17.412390590408517 ] } },
{ "type": "Feature", "properties": { "element": "way", "id": 630869585 }, "geometry": { "type": "Point", "coordinates": [ 78.372190600212107, 17.430535450299143 ] } },
{ "type": "Feature", "properties": { "element": "way", "id": 630961248 }, "geometry": { "type": "Point", "coordinates": [ 78.439914552229396, 17.447836614804231 ] } },
{ "type": "Feature", "properties": { "element": "way", "id": 642171981 }, "geometry": { "type": "Point", "coordinates": [ 78.379666208981178, 17.446797195970518 ] } },
{ "type": "Feature", "properties": { "element": "way", "id": 645162358 }, "geometry": { "type": "Point", "coordinates": [ 78.456952638802903, 17.424544005353816 ] } },
{ "type": "Feature", "properties": { "element": "way", "id": 660771331 }, "geometry": { "type": "Point", "coordinates": [ 78.427575661432385, 17.424719724322422 ] } },
{ "type": "Feature", "properties": { "element": "way", "id": 689847043 }, "geometry": { "type": "Point", "coordinates": [ 78.434524549975094, 17.421163299993442 ] } },
{ "type": "Feature", "properties": { "element": "way", "id": 690384774 }, "geometry": { "type": "Point", "coordinates": [ 78.558330026729735, 17.376849058618621 ] } },
{ "type": "Feature", "properties": { "element": "way", "id": 690864142 }, "geometry": { "type": "Point", "coordinates": [ 78.506074345198826, 17.337594943660541 ] } },
{ "type": "Feature", "properties": { "element": "way", "id": 691648389 }, "geometry": { "type": "Point", "coordinates": [ 78.39782383318591, 17.496696582297115 ] } },
{ "type": "Feature", "properties": { "element": "way", "id": 700248245 }, "geometry": { "type": "Point", "coordinates": [ 78.4610654833224, 17.38826565021327 ] } },
{ "type": "Feature", "properties": { "element": "way", "id": 733458157 }, "geometry": { "type": "Point", "coordinates": [ 78.519174706792228, 17.427330548245379 ] } },
{ "type": "Feature", "properties": { "element": "way", "id": 758967948 }, "geometry": { "type": "Point", "coordinates": [ 78.487444963052383, 17.433364650971967 ] } },
{ "type": "Feature", "properties": { "element": "way", "id": 847474672 }, "geometry": { "type": "Point", "coordinates": [ 78.392631900002442, 17.534023499988411 ] } },
{ "type": "Feature", "properties": { "element": "way", "id": 849385520 }, "geometry": { "type": "Point", "coordinates": [ 78.451753632683079, 17.444536936845424 ] } },
{ "type": "Feature", "properties": { "element": "way", "id": 849386241 }, "geometry": { "type": "Point", "coordinates": [ 78.407808638765502, 17.48918519940154 ] } },
{ "type": "Feature", "properties": { "element": "way", "id": 853755273 }, "geometry": { "type": "Point", "coordinates": [ 78.3956174499843, 17.505627350109375 ] } },
{ "type": "Feature", "properties": { "element": "way", "id": 859679417 }, "geometry": { "type": "Point", "coordinates": [ 78.435438754995857, 17.446137227893789 ] } },
{ "type": "Feature", "properties": { "element": "way", "id": 860344899 }, "geometry": { "type": "Point", "coordinates": [ 78.413524332336991, 17.414961018222453 ] } },
{ "type": "Feature", "properties": { "element": "way", "id": 860550549 }, "geometry": { "type": "Point", "coordinates": [ 78.431925544650554, 17.425453924573308 ] } },
{ "type": "Feature", "properties": { "element": "way", "id": 863515999 }, "geometry": { "type": "Point", "coordinates": [ 78.494534148882309, 17.359109447972553 ] } },
{ "type": "Feature", "properties": { "element": "way", "id": 872851196 }, "geometry": { "type": "Point", "coordinates": [ 78.395331024743257, 17.527753154071508 ] } },
{ "type": "Feature", "properties": { "element": "way", "id": 872925497 }, "geometry": { "type": "Point", "coordinates": [ 78.368044149944311, 17.485307750166928 ] } },
{ "type": "Feature", "properties": { "element": "way", "id": 878105762 }, "geometry": { "type": "Point", "coordinates": [ 78.429138878456357, 17.520222497603942 ] } },
{ "type": "Feature", "properties": { "element": "way", "id": 879108467 }, "geometry": { "type": "Point", "coordinates": [ 78.283908667509465, 17.506402535760376 ] } },
{ "type": "Feature", "properties": { "element": "way", "id": 879583475 }, "geometry": { "type": "Point", "coordinates": [ 78.447051272107984, 17.510629391930262 ] } },
{ "type": "Feature", "properties": { "element": "way", "id": 902925307 }, "geometry": { "type": "Point", "coordinates": [ 78.337403600908573, 17.490585047440423 ] } },
{ "type": "Feature", "properties": { "element": "way", "id": 1076262700 }, "geometry": { "type": "Point", "coordinates": [ 78.5407559963176, 17.400134622068464 ] } },
{ "type": "Feature", "properties": { "element": "way", "id": 1122005587 }, "geometry": { "type": "Point", "coordinates": [ 78.422008901512555, 17.454465259102115 ] } },
{ "type": "Feature", "properties": { "element": "way", "id": 1123874129 }, "geometry": { "type": "Point", "coordinates": [ 78.410500273941025, 17.493861750036196 ] } },
{ "type": "Feature", "properties": { "element": "way", "id": 1157549430 }, "geometry": { "type": "Point", "coordinates": [ 78.448006957521486, 17.377095588834383 ] } },
{ "type": "Feature", "properties": { "element": "way", "id": 1225570310 }, "geometry": { "type": "Point", "coordinates": [ 78.473338387403075, 17.33767562555747 ] } },
{ "type": "Feature", "properties": { "element": "way", "id": 1300732264 }, "geometry": { "type": "Point", "coordinates": [ 78.349983744360927, 17.401518476349274 ] } },
{ "type": "Feature", "properties": { "element": "way", "id": 1392514385 }, "geometry": { "type": "Point", "coordinates": [ 78.552853701157431, 17.431949284622114 ] } },
{ "type": "Feature", "properties": { "element": "way", "id": 1408647364 }, "geometry": { "type": "Point", "coordinates": [ 78.455567104103466, 17.431251831592821 ] } },
{ "type": "Feature", "properties": { "element": "way", "id": 1409678578 }, "geometry": { "type": "Point", "coordinates": [ 78.495853189697414, 17.390053203668685 ] } },
{ "type": "Feature", "properties": { "element": "way", "id": 1409986482 }, "geometry": { "type": "Point", "coordinates": [ 78.456960462759866, 17.424499377681911 ] } },
{ "type": "Feature", "properties": { "element": "way", "id": 1430785676 }, "geometry": { "type": "Point", "coordinates": [ 78.503090068093499, 17.450405499368589 ] } }
]
}
