{
"type": "FeatureCollection",
"name": "existing_schools",
"crs": { "type": "name", "properties": { "name": "urn:ogc:def:crs:OGC:1.3:CRS84" } },
"features": [
{ "type": "Feature", "properties": { "element": "node", "id": 316636515 }, "geometry": { "type": "Point", "coordinates": [ 78.5255149, 17.4171696 ] } },
{ "type": "Feature", "properties": { "element": "node", "id": 316636665 }, "geometry": { "type": "Point", "coordinates": [ 78.5256436, 17.4158429 ] } },
{ "type": "Feature", "properties": { "element": "node", "id": 324866491 }, "geometry": { "type": "Point", "coordinates": [ 78.5290254, 17.4184717 ] } },
{ "type": "Feature", "properties": { "element": "node", "id": 324866721 }, "geometry": { "type": "Point", "coordinates": [ 78.5302699, 17.4180459 ] } },
{ "type": "Feature", "properties": { "element": "node", "id": 324867062 }, "geometry": { "type": "Point", "coordinates": [ 78.5316003, 17.4176282 ] } },
{ "type": "Feature", "properties": { "element": "node", "id": 324867372 }, "geometry": { "type": "Point", "coordinates": [ 78.53124840000001, 17.4148929 ] } },
{ "type": "Feature", "properties": { "element": "node", "id": 352750006 }, "geometry": { "type": "Point", "coordinates": [ 78.4421888, 17.442328 ] } },
{ "type": "Feature", "properties": { "element": "node", "id": 513424892 }, "geometry": { "type": "Point", "coordinates": [ 78.4453558, 17.4427279 ] } },
{ "type": "Feature", "properties": { "element": "node", "id": 538969131 }, "geometry": { "type": "Point", "coordinates": [ 78.5194123, 17.4072027 ] } },
{ "type": "Feature", "properties": { "element": "node", "id": 626897216 }, "geometry": { "type": "Point", "coordinates": [ 78.497038500000016, 17.3657622 ] } },
{ "type": "Feature", "properties": { "element": "node", "id": 634123608 }, "geometry": { "type": "Point", "coordinates": [ 78.5122245, 17.4054551 ] } },
{ "type": "Feature", "properties": { "element": "node", "id": 634123799 }, "geometry": { "type": "Point", "coordinates": [ 78.5135035, 17.4075707 ] } },
{ "type": "Feature", "properties": { "element": "node", "id": 634123966 }, "geometry": { "type": "Point", "coordinates": [ 78.5092128, 17.4014928 ] } },
{ "type": "Feature", "properties": { "element": "node", "id": 677300258 }, "geometry": { "type": "Point", "coordinates": [ 78.4884345, 17.3957311 ] } },
{ "type": "Feature", "properties": { "element": "node", "id": 726146076 }, "geometry": { "type": "Point", "coordinates": [ 78.4883969, 17.4004331 ] } },
{ "type": "Feature", "properties": { "element": "node", "id": 726243304 }, "geometry": { "type": "Point", "coordinates": [ 78.4578133, 17.404402 ] } },
{ "type": "Feature", "properties": { "element": "node", "id": 726274913 }, "geometry": { "type": "Point", "coordinates": [ 78.4524941, 17.3937581 ] } },
{ "type": "Feature", "properties": { "element": "node", "id": 727180831 }, "geometry": { "type": "Point", "coordinates": [ 78.484836, 17.4015388 ] } },
{ "type": "Feature", "properties": { "element": "node", "id": 728911854 }, "geometry": { "type": "Point", "coordinates": [ 78.4730227, 17.3947951 ] } },
{ "type": "Feature", "properties": { "element": "node", "id": 728912657 }, "geometry": { "type": "Point", "coordinates": [ 78.474754, 17.393638 ] } },
{ "type": "Feature", "properties": { "element": "node", "id": 728915591 }, "geometry": { "type": "Point", "coordinates": [ 78.4740505, 17.3925192 ] } },
{ "type": "Feature", "properties": { "element": "node", "id": 728920484 }, "geometry": { "type": "Point", "coordinates": [ 78.4688074, 17.3899398 ] } },
{ "type": "Feature", "properties": { "element": "node", "id": 739161413 }, "geometry": { "type": "Point", "coordinates": [ 78.4588295, 17.4113728 ] } },
{ "type": "Feature", "properties": { "element": "node", "id": 762994074 }, "geometry": { "type": "Point", "coordinates": [ 78.4865035, 17.4404012 ] } },
{ "type": "Feature", "properties": { "element": "node", "id": 827576336 }, "geometry": { "type": "Point", "coordinates": [ 78.3914009, 17.4412917 ] } },
{ "type": "Feature", "properties": { "element": "node", "id": 845467748 }, "geometry": { "type": "Point", "coordinates": [ 78.5362094, 17.400104 ] } },
{ "type": "Feature", "properties": { "element": "node", "id": 890303727 }, "geometry": { "type": "Point", "coordinates": [ 78.4445973, 17.4135412 ] } },
{ "type": "Feature", "properties": { "element": "node", "id": 894000353 }, "geometry": { "type": "Point", "coordinates": [ 78.5795251, 17.4800428 ] } },
{ "type": "Feature", "properties": { "element": "node", "id": 1050823750 }, "geometry": { "type": "Point", "coordinates": [ 78.4945931, 17.4619298 ] } },
{ "type": "Feature", "properties": { "element": "node", "id": 1050823766 }, "geometry": { "type": "Point", "coordinates": [ 78.4968247, 17.4617866 ] } },
{ "type": "Feature", "properties": { "element": "node", "id": 1058611114 }, "geometry": { "type": "Point", "coordinates": [ 78.5346675, 17.4260406 ] } },
{ "type": "Feature", "properties": { "element": "node", "id": 1066040577 }, "geometry": { "type": "Point", "coordinates": [ 78.4910979, 17.4619332 ] } },
{ "type": "Feature", "properties": { "element": "node", "id": 1070473380 }, "geometry": { "type": "Point", "coordinates": [ 78.5361627, 17.4260413 ] } },
{ "type": "Feature", "properties": { "element": "node", "id": 1166215301 }, "geometry": { "type": "Point", "coordinates": [ 78.4270626, 17.4665149 ] } },
{ "type": "Feature", "properties": { "element": "node", "id": 1271903169 }, "geometry": { "type": "Point", "coordinates": [ 78.5211267, 17.5204725 ] } },
{ "type": "Feature", "properties": { "element": "node", "id": 1360401090 }, "geometry": { "type": "Point", "coordinates": [ 78.5427381, 17.4167468 ] } },
{ "type": "Feature", "properties": { "element": "node", "id": 1360401092 }, "geometry": { "type": "Point", "coordinates": [ 78.544213, 17.4187133 ] } },
{ "type": "Feature", "properties": { "element": "node", "id": 1370770554 }, "geometry": { "type": "Point", "coordinates": [ 78.4573288, 17.4593819 ] } },
{ "type": "Feature", "properties": { "element": "node", "id": 1435322434 }, "geometry": { "type": "Point", "coordinates": [ 78.5334689, 17.4510732 ] } },
{ "type": "Feature", "properties": { "element": "node", "id": 1435322435 }, "geometry": { "type": "Point", "coordinates": [ 78.5341421, 17.4516847 ] } },
{ "type": "Feature", "properties": { "element": "node", "id": 1435322436 }, "geometry": { "type": "Point", "coordinates": [ 78.5340322, 17.4505256 ] } },
{ "type": "Feature", "properties": { "element": "node", "id": 1435322437 }, "geometry": { "type": "Point", "coordinates": [ 78.5333857, 17.4504309 ] } },
{ "type": "Feature", "properties": { "element": "node", "id": 1437365108 }, "geometry": { "type": "Point", "coordinates": [ 78.5278602, 17.4527246 ] } },
{ "type": "Feature", "properties": { "element": "node", "id": 1437365125 }, "geometry": { "type": "Point", "coordinates": [ 78.528005, 17.4532108 ] } },
{ "type": "Feature", "properties": { "element": "node", "id": 1447172299 }, "geometry": { "type": "Point", "coordinates": [ 78.4842629, 17.3942194 ] } },
{ "type": "Feature", "properties": { "element": "node", "id": 1553576940 }, "geometry": { "type": "Point", "coordinates": [ 78.47735560000001, 17.396378 ] } },
{ "type": "Feature", "properties": { "element": "node", "id": 1693979525 }, "geometry": { "type": "Point", "coordinates": [ 78.4880547, 17.4095337 ] } },
{ "type": "Feature", "properties": { "element": "node", "id": 1693981322 }, "geometry": { "type": "Point", "coordinates": [ 78.4871622, 17.409656 ] } },
{ "type": "Feature", "properties": { "element": "node", "id": 1693981323 }, "geometry": { "type": "Point", "coordinates": [ 78.484952300000018, 17.4100043 ] } },
{ "type": "Feature", "properties": { "element": "node", "id": 1830862113 }, "geometry": { "type": "Point", "coordinates": [ 78.5687059, 17.3328694 ] } },
{ "type": "Feature", "properties": { "element": "node", "id": 1842299885 }, "geometry": { "type": "Point", "coordinates": [ 78.4105957, 17.4949726 ] } },
{ "type": "Feature", "properties": { "element": "node", "id": 1891052141 }, "geometry": { "type": "Point", "coordinates": [ 78.5019168, 17.3395118 ] } },
{ "type": "Feature", "properties": { "element": "node", "id": 1985561843 }, "geometry": { "type": "Point", "coordinates": [ 78.3549913, 17.4393096 ] } },
{ "type": "Feature", "properties": { "element": "node", "id": 2062757344 }, "geometry": { "type": "Point", "coordinates": [ 78.437955, 17.4293121 ] } },
{ "type": "Feature", "properties": { "element": "node", "id": 2066804022 }, "geometry": { "type": "Point", "coordinates": [ 78.4410265, 17.4531263 ] } },
{ "type": "Feature", "properties": { "element": "node", "id": 2090725114 }, "geometry": { "type": "Point", "coordinates": [ 78.3517334, 17.4624493 ] } },
{ "type": "Feature", "properties": { "element": "node", "id": 2177959720 }, "geometry": { "type": "Point", "coordinates": [ 78.4282993, 17.4362507 ] } },
{ "type": "Feature", "properties": { "element": "node", "id": 2208158646 }, "geometry": { "type": "Point", "coordinates": [ 78.4819749, 17.3618384 ] } },
{ "type": "Feature", "properties": { "element": "node", "id": 2431754230 }, "geometry": { "type": "Point", "coordinates": [ 78.5696216, 17.3369927 ] } },
{ "type": "Feature", "properties": { "element": "node", "id": 2461299773 }, "geometry": { "type": "Point", "coordinates": [ 78.4691899, 17.3688394 ] } },
{ "type": "Feature", "properties": { "element": "node", "id": 2531958024 }, "geometry": { "type": "Point", "coordinates": [ 78.4032855, 17.317939 ] } },
{ "type": "Feature", "properties": { "element": "node", "id": 2653175510 }, "geometry": { "type": "Point", "coordinates": [ 78.5594102, 17.4807281 ] } },
{ "type": "Feature", "properties": { "element": "node", "id": 2702443456 }, "geometry": { "type": "Point", "coordinates": [ 78.4898943, 17.4086181 ] } },
{ "type": "Feature", "properties": { "element": "node", "id": 2710749446 }, "geometry": { "type": "Point", "coordinates": [ 78.5694074, 17.3304618 ] } },
{ "type": "Feature", "properties": { "element": "node", "id": 2710750541 }, "geometry": { "type": "Point", "coordinates": [ 78.5693859, 17.3303492 ] } },
{ "type": "Feature", "properties": { "element": "node", "id": 2710973131 }, "geometry": { "type": "Point", "coordinates": [ 78.459518, 17.4144476 ] } },
{ "type": "Feature", "properties": { "element": "node", "id": 2712626758 }, "geometry": { "type": "Point", "coordinates": [ 78.4892653, 17.4089994 ] } },
{ "type": "Feature", "properties": { "element": "node", "id": 2712702154 }, "geometry": { "type": "Point", "coordinates": [ 78.4946359, 17.4135294 ] } },
{ "type": "Feature", "properties": { "element": "node", "id": 2712711116 }, "geometry": { "type": "Point", "coordinates": [ 78.4949932, 17.4150896 ] } },
{ "type": "Feature", "properties": { "element": "node", "id": 2714240731 }, "geometry": { "type": "Point", "coordinates": [ 78.3346253, 17.4244165 ] } },
{ "type": "Feature", "properties": { "element": "node", "id": 2921475370 }, "geometry": { "type": "Point", "coordinates": [ 78.4412727, 17.535571 ] } },
{ "type": "Feature", "properties": { "element": "node", "id": 3388799865 }, "geometry": { "type": "Point", "coordinates": [ 78.5055447, 17.3987837 ] } },
{ "type": "Feature", "properties": { "element": "node", "id": 3388801593 }, "geometry": { "type": "Point", "coordinates": [ 78.5051128, 17.3983896 ] } },
{ "type": "Feature", "properties": { "element": "node", "id": 3390817012 }, "geometry": { "type": "Point", "coordinates": [ 78.4881019, 17.4013593 ] } },
{ "type": "Feature", "properties": { "element": "node", "id": 3390819893 }, "geometry": { "type": "Point", "coordinates": [ 78.4883308, 17.4013527 ] } },
{ "type": "Feature", "properties": { "element": "node", "id": 3390821838 }, "geometry": { "type": "Point", "coordinates": [ 78.4927257, 17.3976228 ] } },
{ "type": "Feature", "properties": { "element": "node", "id": 3532689330 }, "geometry": { "type": "Point", "coordinates": [ 78.2639747, 17.5287955 ] } },
{ "type": "Feature", "properties": { "element": "node", "id": 3535107688 }, "geometry": { "type": "Point", "coordinates": [ 78.3525084, 17.4195743 ] } },
{ "type": "Feature", "properties": { "element": "node", "id": 3709574434 }, "geometry": { "type": "Point", "coordinates": [ 78.3298404, 17.4562107 ] } },
{ "type": "Feature", "properties": { "element": "node", "id": 4208628506 }, "geometry": { "type": "Point", "coordinates": [ 78.362891, 17.5197682 ] } },
{ "type": "Feature", "properties": { "element": "node", "id": 4208652689 }, "geometry": { "type": "Point", "coordinates": [ 78.411861, 17.4199188 ] } },
{ "type": "Feature", "properties": { "element": "node", "id": 4265592189 }, "geometry": { "type": "Point", "coordinates": [ 78.4452586, 17.4319663 ] } },
{ "type": "Feature", "properties": { "element": "node", "id": 4290518691 }, "geometry": { "type": "Point", "coordinates": [ 78.4562864, 17.5615358 ] } },
{ "type": "Feature", "properties": { "element": "node", "id": 4305666400 }, "geometry": { "type": "Point", "coordinates": [ 78.4652589, 17.5426273 ] } },
{ "type": "Feature", "properties": { "element": "node", "id": 4305674392 }, "geometry": { "type": "Point", "coordinates": [ 78.4546378, 17.5627646 ] } },
{ "type": "Feature", "properties": { "element": "node", "id": 4305674794 }, "geometry": { "type": "Point", "coordinates": [ 78.4692078, 17.5463995 ] } },
{ "type": "Feature", "properties": { "element": "node", "id": 4305735089 }, "geometry": { "type": "Point", "coordinates": [ 78.4500218, 17.5644438 ] } },
{ "type": "Feature", "properties": { "element": "node", "id": 4377099191 }, "geometry": { "type": "Point", "coordinates": [ 78.450199, 17.4315389 ] } },
{ "type": "Feature", "properties": { "element": "node", "id": 4407845290 }, "geometry": { "type": "Point", "coordinates": [ 78.4985239, 17.4020587 ] } },
{ "type": "Feature", "properties": { "element": "node", "id": 4416373791 }, "geometry": { "type": "Point", "coordinates": [ 78.4886592, 17.4031097 ] } },
{ "type": "Feature", "properties": { "element": "node", "id": 4416373794 }, "geometry": { "type": "Point", "coordinates": [ 78.4890028, 17.4014253 ] } },
{ "type": "Feature", "properties": { "element": "node", "id": 4416393290 }, "geometry": { "type": "Point", "coordinates": [ 78.4871071, 17.4018367 ] } },
{ "type": "Feature", "properties": { "element": "node", "id": 4418622009 }, "geometry": { "type": "Point", "coordinates": [ 78.4905945, 17.4003618 ] } },
{ "type": "Feature", "properties": { "element": "node", "id": 4419078503 }, "geometry": { "type": "Point", "coordinates": [ 78.4861487, 17.4017724 ] } },
{ "type": "Feature", "properties": { "element": "node", "id": 4431245790 }, "geometry": { "type": "Point", "coordinates": [ 78.4885635, 17.4019162 ] } },
{ "type": "Feature", "properties": { "element": "node", "id": 4431245791 }, "geometry": { "type": "Point", "coordinates": [ 78.4885756, 17.4031177 ] } },
{ "type": "Feature", "properties": { "element": "node", "id": 4431247889 }, "geometry": { "type": "Point", "coordinates": [ 78.4888685, 17.4040476 ] } },
{ "type": "Feature", "properties": { "element": "node", "id": 4431897994 }, "geometry": { "type": "Point", "coordinates": [ 78.4871893, 17.4026174 ] } },
{ "type": "Feature", "properties": { "element": "node", "id": 4431984890 }, "geometry": { "type": "Point", "coordinates": [ 78.4885458, 17.4030771 ] } },
{ "type": "Feature", "properties": { "element": "node", "id": 4432355392 }, "geometry": { "type": "Point", "coordinates": [ 78.5156444, 17.3967553 ] } },
{ "type": "Feature", "properties": { "element": "node", "id": 4472320689 }, "geometry": { "type": "Point", "coordinates": [ 78.3937958, 17.4104845 ] } },
{ "type": "Feature", "properties": { "element": "node", "id": 4475378924 }, "geometry": { "type": "Point", "coordinates": [ 78.5126865, 17.4777723 ] } },
{ "type": "Feature", "properties": { "element": "node", "id": 4475381627 }, "geometry": { "type": "Point", "coordinates": [ 78.5127814, 17.4769199 ] } },
{ "type": "Feature", "properties": { "element": "node", "id": 4496299258 }, "geometry": { "type": "Point", "coordinates": [ 78.6091323, 17.3503395 ] } },
{ "type": "Feature", "properties": { "element": "node", "id": 4496471892 }, "geometry": { "type": "Point", "coordinates": [ 78.6034148, 17.3223319 ] } },
{ "type": "Feature", "properties": { "element": "node", "id": 4539335628 }, "geometry": { "type": "Point", "coordinates": [ 78.4540839, 17.3978823 ] } },
{ "type": "Feature", "properties": { "element": "node", "id": 4674771293 }, "geometry": { "type": "Point", "coordinates": [ 78.3177739, 17.4790753 ] } },
{ "type": "Feature", "properties": { "element": "node", "id": 4674823494 }, "geometry": { "type": "Point", "coordinates": [ 78.3142119, 17.4895943 ] } },
{ "type": "Feature", "properties": { "element": "node", "id": 4706061489 }, "geometry": { "type": "Point", "coordinates": [ 78.398417200000011, 17.4419194 ] } },
{ "type": "Feature", "properties": { "element": "node", "id": 4739312650 }, "geometry": { "type": "Point", "coordinates": [ 78.5156883, 17.3680742 ] } },
{ "type": "Feature", "properties": { "element": "node", "id": 4747299322 }, "geometry": { "type": "Point", "coordinates": [ 78.388665800000012, 17.4891585 ] } },
{ "type": "Feature", "properties": { "element": "node", "id": 4750918330 }, "geometry": { "type": "Point", "coordinates": [ 78.3199625, 17.4870703 ] } },
{ "type": "Feature", "properties": { "element": "node", "id": 4769502021 }, "geometry": { "type": "Point", "coordinates": [ 78.4081844, 17.4146274 ] } },
{ "type": "Feature", "properties": { "element": "node", "id": 4796530721 }, "geometry": { "type": "Point", "coordinates": [ 78.5045484, 17.3593826 ] } },
{ "type": "Feature", "properties": { "element": "node", "id": 4972953421 }, "geometry": { "type": "Point", "coordinates": [ 78.5020934, 17.3621596 ] } },
{ "type": "Feature", "properties": { "element": "node", "id": 5018300522 }, "geometry": { "type": "Point", "coordinates": [ 78.4558744, 17.4044134 ] } },
{ "type": "Feature", "properties": { "element": "node", "id": 5030793127 }, "geometry": { "type": "Point", "coordinates": [ 78.4753403, 17.3988996 ] } },
{ "type": "Feature", "properties": { "element": "node", "id": 5037840121 }, "geometry": { "type": "Point", "coordinates": [ 78.4583705, 17.4367096 ] } },
{ "type": "Feature", "properties": { "element": "node", "id": 5037865323 }, "geometry": { "type": "Point", "coordinates": [ 78.4583664, 17.4367875 ] } },
{ "type": "Feature", "properties": { "element": "node", "id": 5118590622 }, "geometry": { "type": "Point", "coordinates": [ 78.4947636, 17.4172897 ] } },
{ "type": "Feature", "properties": { "element": "node", "id": 5118590623 }, "geometry": { "type": "Point", "coordinates": [ 78.4946918, 17.4169063 ] } },
{ "type": "Feature", "properties": { "element": "node", "id": 5122844921 }, "geometry": { "type": "Point", "coordinates": [ 78.426692, 17.4372208 ] } },
{ "type": "Feature", "properties": { "element": "node", "id": 5264053624 }, "geometry": { "type": "Point", "coordinates": [ 78.5141671, 17.3483967 ] } },
{ "type": "Feature", "properties": { "element": "node", "id": 5289033245 }, "geometry": { "type": "Point", "coordinates": [ 78.5031436, 17.4389161 ] } },
{ "type": "Feature", "properties": { "element": "node", "id": 5324893940 }, "geometry": { "type": "Point", "coordinates": [ 78.4586622, 17.4098 ] } },
{ "type": "Feature", "properties": { "element": "node", "id": 5378318721 }, "geometry": { "type": "Point", "coordinates": [ 78.4514255, 17.5656486 ] } },
{ "type": "Feature", "properties": { "element": "node", "id": 5378318722 }, "geometry": { "type": "Point", "coordinates": [ 78.4553995, 17.5631518 ] } },
{ "type": "Feature", "properties": { "element": "node", "id": 5378318723 }, "geometry": { "type": "Point", "coordinates": [ 78.4549303, 17.561439 ] } },
{ "type": "Feature", "properties": { "element": "node", "id": 5389639230 }, "geometry": { "type": "Point", "coordinates": [ 78.4514384, 17.3940612 ] } },
{ "type": "Feature", "properties": { "element": "node", "id": 5434420849 }, "geometry": { "type": "Point", "coordinates": [ 78.5027097, 17.4388588 ] } },
{ "type": "Feature", "properties": { "element": "node", "id": 5464848598 }, "geometry": { "type": "Point", "coordinates": [ 78.5550126, 17.5067372 ] } },
{ "type": "Feature", "properties": { "element": "node", "id": 5465091377 }, "geometry": { "type": "Point", "coordinates": [ 78.5464957, 17.4998062 ] } },
{ "type": "Feature", "properties": { "element": "node", "id": 5532343399 }, "geometry": { "type": "Point", "coordinates": [ 78.2668438, 17.5279933 ] } },
{ "type": "Feature", "properties": { "element": "node", "id": 5532354986 }, "geometry": { "type": "Point", "coordinates": [ 78.2571783, 17.5639906 ] } },
{ "type": "Feature", "properties": { "element": "node", "id": 5537132616 }, "geometry": { "type": "Point", "coordinates": [ 78.3917014, 17.4416821 ] } },
{ "type": "Feature", "properties": { "element": "node", "id": 5541528885 }, "geometry": { "type": "Point", "coordinates": [ 78.586679, 17.4058323 ] } },
{ "type": "Feature", "properties": { "element": "node", "id": 5541528886 }, "geometry": { "type": "Point", "coordinates": [ 78.5866562, 17.4056346 ] } },
{ "type": "Feature", "properties": { "element": "node", "id": 5545513974 }, "geometry": { "type": "Point", "coordinates": [ 78.449311, 17.5602516 ] } },
{ "type": "Feature", "properties": { "element": "node", "id": 5545513975 }, "geometry": { "type": "Point", "coordinates": [ 78.4573388, 17.5605406 ] } },
{ "type": "Feature", "properties": { "element": "node", "id": 5547446141 }, "geometry": { "type": "Point", "coordinates": [ 78.594493600000021, 17.3936645 ] } },
{ "type": "Feature", "properties": { "element": "node", "id": 5547446143 }, "geometry": { "type": "Point", "coordinates": [ 78.5898399, 17.3956546 ] } },
{ "type": "Feature", "properties": { "element": "node", "id": 5547446144 }, "geometry": { "type": "Point", "coordinates": [ 78.5874769, 17.3965645 ] } },
{ "type": "Feature", "properties": { "element": "node", "id": 5563162635 }, "geometry": { "type": "Point", "coordinates": [ 78.383985800000019, 17.4985377 ] } },
{ "type": "Feature", "properties": { "element": "node", "id": 5565535476 }, "geometry": { "type": "Point", "coordinates": [ 78.4382545, 17.3944606 ] } },
{ "type": "Feature", "properties": { "element": "node", "id": 5565536879 }, "geometry": { "type": "Point", "coordinates": [ 78.437274, 17.3932152 ] } },
{ "type": "Feature", "properties": { "element": "node", "id": 5578141722 }, "geometry": { "type": "Point", "coordinates": [ 78.4536111, 17.4056373 ] } },
{ "type": "Feature", "properties": { "element": "node", "id": 5596353860 }, "geometry": { "type": "Point", "coordinates": [ 78.4856916, 17.4387618 ] } },
{ "type": "Feature", "properties": { "element": "node", "id": 5625457796 }, "geometry": { "type": "Point", "coordinates": [ 78.3609606, 17.4368007 ] } },
{ "type": "Feature", "properties": { "element": "node", "id": 5625674125 }, "geometry": { "type": "Point", "coordinates": [ 78.4373826, 17.3918238 ] } },
{ "type": "Feature", "properties": { "element": "node", "id": 5733415826 }, "geometry": { "type": "Point", "coordinates": [ 78.4952101, 17.3894032 ] } },
{ "type": "Feature", "properties": { "element": "node", "id": 5826309133 }, "geometry": { "type": "Point", "coordinates": [ 78.5791879, 17.3311282 ] } },
{ "type": "Feature", "properties": { "element": "node", "id": 5826364865 }, "geometry": { "type": "Point", "coordinates": [ 78.4513953, 17.5585638 ] } },
{ "type": "Feature", "properties": { "element": "node", "id": 5969811186 }, "geometry": { "type": "Point", "coordinates": [ 78.4566424, 17.4279469 ] } },
{ "type": "Feature", "properties": { "element": "node", "id": 6208287186 }, "geometry": { "type": "Point", "coordinates": [ 78.4793975, 17.3834054 ] } },
{ "type": "Feature", "properties": { "element": "node", "id": 6209990588 }, "geometry": { "type": "Point", "coordinates": [ 78.4649785, 17.4063386 ] } },
{ "type": "Feature", "properties": { "element": "node", "id": 6222430886 }, "geometry": { "type": "Point", "coordinates": [ 78.4538397, 17.3961077 ] } },
{ "type": "Feature", "properties": { "element": "node", "id": 6222447485 }, "geometry": { "type": "Point", "coordinates": [ 78.4660613, 17.3984025 ] } },
{ "type": "Feature", "properties": { "element": "node", "id": 6248330050 }, "geometry": { "type": "Point", "coordinates": [ 78.6087266, 17.3306272 ] } },
{ "type": "Feature", "properties": { "element": "node", "id": 6255341594 }, "geometry": { "type": "Point", "coordinates": [ 78.4747371, 17.397702 ] } },
{ "type": "Feature", "properties": { "element": "node", "id": 6268163768 }, "geometry": { "type": "Point", "coordinates": [ 78.512764, 17.4775297 ] } },
{ "type": "Feature", "properties": { "element": "node", "id": 6268163769 }, "geometry": { "type": "Point", "coordinates": [ 78.5130349, 17.4778432 ] } },
{ "type": "Feature", "properties": { "element": "node", "id": 6268163781 }, "geometry": { "type": "Point", "coordinates": [ 78.5132267, 17.4769503 ] } },
{ "type": "Feature", "properties": { "element": "node", "id": 6308250717 }, "geometry": { "type": "Point", "coordinates": [ 78.6135963, 17.3219367 ] } },
{ "type": "Feature", "properties": { "element": "node", "id": 6308262627 }, "geometry": { "type": "Point", "coordinates": [ 78.4921981, 17.4116516 ] } },
{ "type": "Feature", "properties": { "element": "node", "id": 6308390571 }, "geometry": { "type": "Point", "coordinates": [ 78.3993588, 17.4881621 ] } },
{ "type": "Feature", "properties": { "element": "node", "id": 6308390572 }, "geometry": { "type": "Point", "coordinates": [ 78.399841, 17.4878503 ] } },
{ "type": "Feature", "properties": { "element": "node", "id": 6372432968 }, "geometry": { "type": "Point", "coordinates": [ 78.5388751, 17.3686753 ] } },
{ "type": "Feature", "properties": { "element": "node", "id": 6372456248 }, "geometry": { "type": "Point", "coordinates": [ 78.5076038, 17.3466078 ] } },
{ "type": "Feature", "properties": { "element": "node", "id": 6375038695 }, "geometry": { "type": "Point", "coordinates": [ 78.5276043, 17.3694191 ] } },
{ "type": "Feature", "properties": { "element": "node", "id": 6375038696 }, "geometry": { "type": "Point", "coordinates": [ 78.527576, 17.3707443 ] } },
{ "type": "Feature", "properties": { "element": "node", "id": 6375038699 }, "geometry": { "type": "Point", "coordinates": [ 78.5264074, 17.3707541 ] } },
{ "type": "Feature", "properties": { "element": "node", "id": 6390378845 }, "geometry": { "type": "Point", "coordinates": [ 78.5219975, 17.3702738 ] } },
{ "type": "Feature", "properties": { "element": "node", "id": 6390378847 }, "geometry": { "type": "Point", "coordinates": [ 78.5226345, 17.3694149 ] } },
{ "type": "Feature", "properties": { "element": "node", "id": 6406478621 }, "geometry": { "type": "Point", "coordinates": [ 78.3873505, 17.513393 ] } },
{ "type": "Feature", "properties": { "element": "node", "id": 6414159438 }, "geometry": { "type": "Point", "coordinates": [ 78.392935900000012, 17.4122513 ] } },
{ "type": "Feature", "properties": { "element": "node", "id": 6429440287 }, "geometry": { "type": "Point", "coordinates": [ 78.4132134, 17.4828168 ] } },
{ "type": "Feature", "properties": { "element": "node", "id": 6429440288 }, "geometry": { "type": "Point", "coordinates": [ 78.413034, 17.482897 ] } },
{ "type": "Feature", "properties": { "element": "node", "id": 6450769485 }, "geometry": { "type": "Point", "coordinates": [ 78.4983748, 17.4288187 ] } },
{ "type": "Feature", "properties": { "element": "node", "id": 6490450001 }, "geometry": { "type": "Point", "coordinates": [ 78.5044035, 17.424671 ] } },
{ "type": "Feature", "properties": { "element": "node", "id": 6510681486 }, "geometry": { "type": "Point", "coordinates": [ 78.4759629, 17.5114641 ] } },
{ "type": "Feature", "properties": { "element": "node", "id": 6518281742 }, "geometry": { "type": "Point", "coordinates": [ 78.584024, 17.4232134 ] } },
{ "type": "Feature", "properties": { "element": "node", "id": 6533571896 }, "geometry": { "type": "Point", "coordinates": [ 78.2941599, 17.4237369 ] } },
{ "type": "Feature", "properties": { "element": "node", "id": 6566402827 }, "geometry": { "type": "Point", "coordinates": [ 78.3195499, 17.5156654 ] } },
{ "type": "Feature", "properties": { "element": "node", "id": 6654362285 }, "geometry": { "type": "Point", "coordinates": [ 78.3308817, 17.4576264 ] } },
{ "type": "Feature", "properties": { "element": "node", "id": 6654362385 }, "geometry": { "type": "Point", "coordinates": [ 78.3314025, 17.4588696 ] } },
{ "type": "Feature", "properties": { "element": "node", "id": 6696100987 }, "geometry": { "type": "Point", "coordinates": [ 78.3820908, 17.3807982 ] } },
{ "type": "Feature", "properties": { "element": "node", "id": 6779797470 }, "geometry": { "type": "Point", "coordinates": [ 78.5004027, 17.3781208 ] } },
{ "type": "Feature", "properties": { "element": "node", "id": 6779938630 }, "geometry": { "type": "Point", "coordinates": [ 78.4076778, 17.4926156 ] } },
{ "type": "Feature", "properties": { "element": "node", "id": 6810762245 }, "geometry": { "type": "Point", "coordinates": [ 78.5531084, 17.4787974 ] } },
{ "type": "Feature", "properties": { "element": "node", "id": 6822126491 }, "geometry": { "type": "Point", "coordinates": [ 78.3374513, 17.4959701 ] } },
{ "type": "Feature", "properties": { "element": "node", "id": 6822126493 }, "geometry": { "type": "Point", "coordinates": [ 78.436907, 17.43626 ] } },
{ "type": "Feature", "properties": { "element": "node", "id": 6822126547 }, "geometry": { "type": "Point", "coordinates": [ 78.483225, 17.466269 ] } },
{ "type": "Feature", "properties": { "element": "node", "id": 6822126550 }, "geometry": { "type": "Point", "coordinates": [ 78.4257811, 17.4694437 ] } },
{ "type": "Feature", "properties": { "element": "node", "id": 6822126597 }, "geometry": { "type": "Point", "coordinates": [ 78.409658, 17.492959 ] } },
{ "type": "Feature", "properties": { "element": "node", "id": 6822126637 }, "geometry": { "type": "Point", "coordinates": [ 78.439747, 17.440133 ] } },
{ "type": "Feature", "properties": { "element": "node", "id": 6837577251 }, "geometry": { "type": "Point", "coordinates": [ 78.2653082, 17.5261263 ] } },
{ "type": "Feature", "properties": { "element": "node", "id": 6847914814 }, "geometry": { "type": "Point", "coordinates": [ 78.434176, 17.439112 ] } },
{ "type": "Feature", "properties": { "element": "node", "id": 6847914841 }, "geometry": { "type": "Point", "coordinates": [ 78.433588400000019, 17.4437108 ] } },
{ "type": "Feature", "properties": { "element": "node", "id": 6850830255 }, "geometry": { "type": "Point", "coordinates": [ 78.396641800000012, 17.4908744 ] } },
{ "type": "Feature", "properties": { "element": "node", "id": 6850830268 }, "geometry": { "type": "Point", "coordinates": [ 78.4278693, 17.4650177 ] } },
{ "type": "Feature", "properties": { "element": "node", "id": 6850830270 }, "geometry": { "type": "Point", "coordinates": [ 78.4253813, 17.4693449 ] } },
{ "type": "Feature", "properties": { "element": "node", "id": 6850830284 }, "geometry": { "type": "Point", "coordinates": [ 78.3942688, 17.4987339 ] } },
{ "type": "Feature", "properties": { "element": "node", "id": 6853049415 }, "geometry": { "type": "Point", "coordinates": [ 78.348221, 17.49252 ] } },
{ "type": "Feature", "properties": { "element": "node", "id": 6853049437 }, "geometry": { "type": "Point", "coordinates": [ 78.542138, 17.418935 ] } },
{ "type": "Feature", "properties": { "element": "node", "id": 6853049461 }, "geometry": { "type": "Point", "coordinates": [ 78.4197439, 17.4690438 ] } },
{ "type": "Feature", "properties": { "element": "node", "id": 6904857410 }, "geometry": { "type": "Point", "coordinates": [ 78.4566657, 17.3905535 ] } },
{ "type": "Feature", "properties": { "element": "node", "id": 6905023261 }, "geometry": { "type": "Point", "coordinates": [ 78.4659197, 17.3844415 ] } },
{ "type": "Feature", "properties": { "element": "node", "id": 6905174196 }, "geometry": { "type": "Point", "coordinates": [ 78.436453, 17.3925387 ] } },
{ "type": "Feature", "properties": { "element": "node", "id": 6905185629 }, "geometry": { "type": "Point", "coordinates": [ 78.4569384, 17.3053491 ] } },
{ "type": "Feature", "properties": { "element": "node", "id": 6905313980 }, "geometry": { "type": "Point", "coordinates": [ 78.4558269, 17.3078247 ] } },
{ "type": "Feature", "properties": { "element": "node", "id": 6905496053 }, "geometry": { "type": "Point", "coordinates": [ 78.4934489, 17.371431 ] } },
{ "type": "Feature", "properties": { "element": "node", "id": 6935199725 }, "geometry": { "type": "Point", "coordinates": [ 78.3916644, 17.4485037 ] } },
{ "type": "Feature", "properties": { "element": "node", "id": 6935221549 }, "geometry": { "type": "Point", "coordinates": [ 78.480409, 17.4823299 ] } },
{ "type": "Feature", "properties": { "element": "node", "id": 6935221553 }, "geometry": { "type": "Point", "coordinates": [ 78.4807073, 17.4797317 ] } },
{ "type": "Feature", "properties": { "element": "node", "id": 6935247722 }, "geometry": { "type": "Point", "coordinates": [ 78.3871243, 17.4496165 ] } },
{ "type": "Feature", "properties": { "element": "node", "id": 6935432004 }, "geometry": { "type": "Point", "coordinates": [ 78.388921, 17.4501153 ] } },
{ "type": "Feature", "properties": { "element": "node", "id": 6935446192 }, "geometry": { "type": "Point", "coordinates": [ 78.3922831, 17.4481069 ] } },
{ "type": "Feature", "properties": { "element": "node", "id": 6935545369 }, "geometry": { "type": "Point", "coordinates": [ 78.3920549, 17.4497497 ] } },
{ "type": "Feature", "properties": { "element": "node", "id": 6935617683 }, "geometry": { "type": "Point", "coordinates": [ 78.5668286, 17.4417857 ] } },
{ "type": "Feature", "properties": { "element": "node", "id": 6935636797 }, "geometry": { "type": "Point", "coordinates": [ 78.5509227, 17.429639 ] } },
{ "type": "Feature", "properties": { "element": "node", "id": 6991428585 }, "geometry": { "type": "Point", "coordinates": [ 78.5004359, 17.4401021 ] } },
{ "type": "Feature", "properties": { "element": "node", "id": 7002711028 }, "geometry": { "type": "Point", "coordinates": [ 78.3204071, 17.4937687 ] } },
{ "type": "Feature", "properties": { "element": "node", "id": 7002748341 }, "geometry": { "type": "Point", "coordinates": [ 78.5659568, 17.4556658 ] } },
{ "type": "Feature", "properties": { "element": "node", "id": 7002815271 }, "geometry": { "type": "Point", "coordinates": [ 78.3982147, 17.4022481 ] } },
{ "type": "Feature", "properties": { "element": "node", "id": 7008096298 }, "geometry": { "type": "Point", "coordinates": [ 78.3948017, 17.405749 ] } },
{ "type": "Feature", "properties": { "element": "node", "id": 7008096301 }, "geometry": { "type": "Point", "coordinates": [ 78.4010392, 17.4061906 ] } },
{ "type": "Feature", "properties": { "element": "node", "id": 7021303609 }, "geometry": { "type": "Point", "coordinates": [ 78.3917396, 17.4465983 ] } },
{ "type": "Feature", "properties": { "element": "node", "id": 7021303614 }, "geometry": { "type": "Point", "coordinates": [ 78.3869638, 17.4409254 ] } },
{ "type": "Feature", "properties": { "element": "node", "id": 7021303623 }, "geometry": { "type": "Point", "coordinates": [ 78.3879022, 17.4416461 ] } },
{ "type": "Feature", "properties": { "element": "node", "id": 7021303724 }, "geometry": { "type": "Point", "coordinates": [ 78.3986744, 17.4379379 ] } },
{ "type": "Feature", "properties": { "element": "node", "id": 7021303725 }, "geometry": { "type": "Point", "coordinates": [ 78.4046871, 17.4351502 ] } },
{ "type": "Feature", "properties": { "element": "node", "id": 7021303759 }, "geometry": { "type": "Point", "coordinates": [ 78.3859779, 17.4500041 ] } },
{ "type": "Feature", "properties": { "element": "node", "id": 7021303764 }, "geometry": { "type": "Point", "coordinates": [ 78.3931292, 17.4369722 ] } },
{ "type": "Feature", "properties": { "element": "node", "id": 7025820750 }, "geometry": { "type": "Point", "coordinates": [ 78.3910254, 17.4407911 ] } },
{ "type": "Feature", "properties": { "element": "node", "id": 7025820759 }, "geometry": { "type": "Point", "coordinates": [ 78.3949019, 17.4393355 ] } },
{ "type": "Feature", "properties": { "element": "node", "id": 7025820774 }, "geometry": { "type": "Point", "coordinates": [ 78.39884880000001, 17.4459249 ] } },
{ "type": "Feature", "properties": { "element": "node", "id": 7025820779 }, "geometry": { "type": "Point", "coordinates": [ 78.397769, 17.4442725 ] } },
{ "type": "Feature", "properties": { "element": "node", "id": 7025820836 }, "geometry": { "type": "Point", "coordinates": [ 78.391453, 17.4509725 ] } },
{ "type": "Feature", "properties": { "element": "node", "id": 7088336245 }, "geometry": { "type": "Point", "coordinates": [ 78.5073565, 17.353843 ] } },
{ "type": "Feature", "properties": { "element": "node", "id": 7088336246 }, "geometry": { "type": "Point", "coordinates": [ 78.507482, 17.3531934 ] } },
{ "type": "Feature", "properties": { "element": "node", "id": 7088336248 }, "geometry": { "type": "Point", "coordinates": [ 78.507007, 17.3529531 ] } },
{ "type": "Feature", "properties": { "element": "node", "id": 7113472885 }, "geometry": { "type": "Point", "coordinates": [ 78.3872787, 17.4881204 ] } },
{ "type": "Feature", "properties": { "element": "node", "id": 7113522185 }, "geometry": { "type": "Point", "coordinates": [ 78.3882049, 17.4933644 ] } },
{ "type": "Feature", "properties": { "element": "node", "id": 7113526785 }, "geometry": { "type": "Point", "coordinates": [ 78.3885666, 17.4953658 ] } },
{ "type": "Feature", "properties": { "element": "node", "id": 7113615285 }, "geometry": { "type": "Point", "coordinates": [ 78.5161065, 17.5325342 ] } },
{ "type": "Feature", "properties": { "element": "node", "id": 7113728488 }, "geometry": { "type": "Point", "coordinates": [ 78.449212, 17.4380651 ] } },
{ "type": "Feature", "properties": { "element": "node", "id": 7113964387 }, "geometry": { "type": "Point", "coordinates": [ 78.4386714, 17.3930923 ] } },
{ "type": "Feature", "properties": { "element": "node", "id": 7159770889 }, "geometry": { "type": "Point", "coordinates": [ 78.4411395, 17.5164698 ] } },
{ "type": "Feature", "properties": { "element": "node", "id": 7160835585 }, "geometry": { "type": "Point", "coordinates": [ 78.441079, 17.516343 ] } },
{ "type": "Feature", "properties": { "element": "node", "id": 7160835587 }, "geometry": { "type": "Point", "coordinates": [ 78.439312, 17.51508 ] } },
{ "type": "Feature", "properties": { "element": "node", "id": 7173822072 }, "geometry": { "type": "Point", "coordinates": [ 78.4579903, 17.4400468 ] } },
{ "type": "Feature", "properties": { "element": "node", "id": 7173965132 }, "geometry": { "type": "Point", "coordinates": [ 78.4046109, 17.493068 ] } },
{ "type": "Feature", "properties": { "element": "node", "id": 7173965139 }, "geometry": { "type": "Point", "coordinates": [ 78.3005066, 17.5098021 ] } },
{ "type": "Feature", "properties": { "element": "node", "id": 7174132574 }, "geometry": { "type": "Point", "coordinates": [ 78.3005167, 17.5137634 ] } },
{ "type": "Feature", "properties": { "element": "node", "id": 7178587088 }, "geometry": { "type": "Point", "coordinates": [ 78.382066, 17.484386 ] } },
{ "type": "Feature", "properties": { "element": "node", "id": 7180137991 }, "geometry": { "type": "Point", "coordinates": [ 78.3028054, 17.51255 ] } },
{ "type": "Feature", "properties": { "element": "node", "id": 7180155923 }, "geometry": { "type": "Point", "coordinates": [ 78.4061527, 17.4922912 ] } },
{ "type": "Feature", "properties": { "element": "node", "id": 7183609803 }, "geometry": { "type": "Point", "coordinates": [ 78.4293956, 17.5027937 ] } },
{ "type": "Feature", "properties": { "element": "node", "id": 7243895529 }, "geometry": { "type": "Point", "coordinates": [ 78.5042875, 17.3974824 ] } },
{ "type": "Feature", "properties": { "element": "node", "id": 7243895530 }, "geometry": { "type": "Point", "coordinates": [ 78.5037892, 17.3970103 ] } },
{ "type": "Feature", "properties": { "element": "node", "id": 7243907165 }, "geometry": { "type": "Point", "coordinates": [ 78.5026424, 17.3967636 ] } },
{ "type": "Feature", "properties": { "element": "node", "id": 7243946118 }, "geometry": { "type": "Point", "coordinates": [ 78.3580679, 17.4907311 ] } },
{ "type": "Feature", "properties": { "element": "node", "id": 7243946121 }, "geometry": { "type": "Point", "coordinates": [ 78.3556961, 17.4946264 ] } },
{ "type": "Feature", "properties": { "element": "node", "id": 7243946129 }, "geometry": { "type": "Point", "coordinates": [ 78.3591655, 17.4957622 ] } },
{ "type": "Feature", "properties": { "element": "node", "id": 7243950725 }, "geometry": { "type": "Point", "coordinates": [ 78.5028158, 17.3964354 ] } },
{ "type": "Feature", "properties": { "element": "node", "id": 7243950726 }, "geometry": { "type": "Point", "coordinates": [ 78.5025045, 17.3968972 ] } },
{ "type": "Feature", "properties": { "element": "node", "id": 7243983833 }, "geometry": { "type": "Point", "coordinates": [ 78.396375, 17.4120759 ] } },
{ "type": "Feature", "properties": { "element": "node", "id": 7244033606 }, "geometry": { "type": "Point", "coordinates": [ 78.5219518, 17.3674335 ] } },
{ "type": "Feature", "properties": { "element": "node", "id": 7244033609 }, "geometry": { "type": "Point", "coordinates": [ 78.5208816, 17.3669809 ] } },
{ "type": "Feature", "properties": { "element": "node", "id": 7244033610 }, "geometry": { "type": "Point", "coordinates": [ 78.521289, 17.3667413 ] } },
{ "type": "Feature", "properties": { "element": "node", "id": 7244033618 }, "geometry": { "type": "Point", "coordinates": [ 78.5213908, 17.3675489 ] } },
{ "type": "Feature", "properties": { "element": "node", "id": 7244059236 }, "geometry": { "type": "Point", "coordinates": [ 78.4478668, 17.5630971 ] } },
{ "type": "Feature", "properties": { "element": "node", "id": 7244061153 }, "geometry": { "type": "Point", "coordinates": [ 78.4908778, 17.5421951 ] } },
{ "type": "Feature", "properties": { "element": "node", "id": 7244113089 }, "geometry": { "type": "Point", "coordinates": [ 78.5225099, 17.3678622 ] } },
{ "type": "Feature", "properties": { "element": "node", "id": 7244113107 }, "geometry": { "type": "Point", "coordinates": [ 78.5218073, 17.3682946 ] } },
{ "type": "Feature", "properties": { "element": "node", "id": 7244114889 }, "geometry": { "type": "Point", "coordinates": [ 78.5098124, 17.4176605 ] } },
{ "type": "Feature", "properties": { "element": "node", "id": 7244114905 }, "geometry": { "type": "Point", "coordinates": [ 78.5072618, 17.4141266 ] } },
{ "type": "Feature", "properties": { "element": "node", "id": 7244117129 }, "geometry": { "type": "Point", "coordinates": [ 78.5157027, 17.4052548 ] } },
{ "type": "Feature", "properties": { "element": "node", "id": 7244140147 }, "geometry": { "type": "Point", "coordinates": [ 78.2651448, 17.5283611 ] } },
{ "type": "Feature", "properties": { "element": "node", "id": 7244173374 }, "geometry": { "type": "Point", "coordinates": [ 78.5321014, 17.3715101 ] } },
{ "type": "Feature", "properties": { "element": "node", "id": 7244196872 }, "geometry": { "type": "Point", "coordinates": [ 78.5024885, 17.3979094 ] } },
{ "type": "Feature", "properties": { "element": "node", "id": 7244207444 }, "geometry": { "type": "Point", "coordinates": [ 78.5748358, 17.3270095 ] } },
{ "type": "Feature", "properties": { "element": "node", "id": 7244233145 }, "geometry": { "type": "Point", "coordinates": [ 78.264516, 17.5314417 ] } },
{ "type": "Feature", "properties": { "element": "node", "id": 7244233148 }, "geometry": { "type": "Point", "coordinates": [ 78.2673539, 17.5339615 ] } },
{ "type": "Feature", "properties": { "element": "node", "id": 7244233149 }, "geometry": { "type": "Point", "coordinates": [ 78.2715024, 17.5337495 ] } },
{ "type": "Feature", "properties": { "element": "node", "id": 7244233150 }, "geometry": { "type": "Point", "coordinates": [ 78.2667648, 17.5334177 ] } },
{ "type": "Feature", "properties": { "element": "node", "id": 7244233151 }, "geometry": { "type": "Point", "coordinates": [ 78.2678404, 17.5315904 ] } },
{ "type": "Feature", "properties": { "element": "node", "id": 7244233160 }, "geometry": { "type": "Point", "coordinates": [ 78.2662593, 17.5383978 ] } },
{ "type": "Feature", "properties": { "element": "node", "id": 7244238251 }, "geometry": { "type": "Point", "coordinates": [ 78.5086124, 17.4096832 ] } },
{ "type": "Feature", "properties": { "element": "node", "id": 7244243968 }, "geometry": { "type": "Point", "coordinates": [ 78.508014, 17.4010254 ] } },
{ "type": "Feature", "properties": { "element": "node", "id": 7244246182 }, "geometry": { "type": "Point", "coordinates": [ 78.5215035, 17.3680709 ] } },
{ "type": "Feature", "properties": { "element": "node", "id": 7244256673 }, "geometry": { "type": "Point", "coordinates": [ 78.3604199, 17.4971032 ] } },
{ "type": "Feature", "properties": { "element": "node", "id": 7244267536 }, "geometry": { "type": "Point", "coordinates": [ 78.5067575, 17.4093958 ] } },
{ "type": "Feature", "properties": { "element": "node", "id": 7244271144 }, "geometry": { "type": "Point", "coordinates": [ 78.3563015, 17.4946932 ] } },
{ "type": "Feature", "properties": { "element": "node", "id": 7244296172 }, "geometry": { "type": "Point", "coordinates": [ 78.5101214, 17.4082762 ] } },
{ "type": "Feature", "properties": { "element": "node", "id": 7244371761 }, "geometry": { "type": "Point", "coordinates": [ 78.3951086, 17.4949198 ] } },
{ "type": "Feature", "properties": { "element": "node", "id": 7244480266 }, "geometry": { "type": "Point", "coordinates": [ 78.2662463, 17.5280513 ] } },
{ "type": "Feature", "properties": { "element": "node", "id": 7244480673 }, "geometry": { "type": "Point", "coordinates": [ 78.436599900000019, 17.3931364 ] } },
{ "type": "Feature", "properties": { "element": "node", "id": 7244480674 }, "geometry": { "type": "Point", "coordinates": [ 78.4365354, 17.3941834 ] } },
{ "type": "Feature", "properties": { "element": "node", "id": 7244487799 }, "geometry": { "type": "Point", "coordinates": [ 78.4374315, 17.3933378 ] } },
{ "type": "Feature", "properties": { "element": "node", "id": 7244487808 }, "geometry": { "type": "Point", "coordinates": [ 78.441972300000018, 17.3944467 ] } },
{ "type": "Feature", "properties": { "element": "node", "id": 7244496574 }, "geometry": { "type": "Point", "coordinates": [ 78.4394781, 17.4424728 ] } },
{ "type": "Feature", "properties": { "element": "node", "id": 7246464274 }, "geometry": { "type": "Point", "coordinates": [ 78.4159559, 17.5232027 ] } },
{ "type": "Feature", "properties": { "element": "node", "id": 7246526405 }, "geometry": { "type": "Point", "coordinates": [ 78.5065485, 17.4095685 ] } },
{ "type": "Feature", "properties": { "element": "node", "id": 7246588705 }, "geometry": { "type": "Point", "coordinates": [ 78.5072533, 17.4138534 ] } },
{ "type": "Feature", "properties": { "element": "node", "id": 7246588706 }, "geometry": { "type": "Point", "coordinates": [ 78.5069595, 17.4136595 ] } },
{ "type": "Feature", "properties": { "element": "node", "id": 7246588742 }, "geometry": { "type": "Point", "coordinates": [ 78.5077226, 17.4131508 ] } },
{ "type": "Feature", "properties": { "element": "node", "id": 7246803481 }, "geometry": { "type": "Point", "coordinates": [ 78.432561, 17.3948885 ] } },
{ "type": "Feature", "properties": { "element": "node", "id": 7314522148 }, "geometry": { "type": "Point", "coordinates": [ 78.5476721, 17.4176725 ] } },
{ "type": "Feature", "properties": { "element": "node", "id": 7345789946 }, "geometry": { "type": "Point", "coordinates": [ 78.4009874, 17.3221284 ] } },
{ "type": "Feature", "properties": { "element": "node", "id": 7345789953 }, "geometry": { "type": "Point", "coordinates": [ 78.4019895, 17.3214539 ] } },
{ "type": "Feature", "properties": { "element": "node", "id": 7345789956 }, "geometry": { "type": "Point", "coordinates": [ 78.4017426, 17.3204193 ] } },
{ "type": "Feature", "properties": { "element": "node", "id": 7345789957 }, "geometry": { "type": "Point", "coordinates": [ 78.4038345, 17.3185143 ] } },
{ "type": "Feature", "properties": { "element": "node", "id": 7351167199 }, "geometry": { "type": "Point", "coordinates": [ 78.4204548, 17.3101478 ] } },
{ "type": "Feature", "properties": { "element": "node", "id": 7351167242 }, "geometry": { "type": "Point", "coordinates": [ 78.421723, 17.3095888 ] } },
{ "type": "Feature", "properties": { "element": "node", "id": 7351167249 }, "geometry": { "type": "Point", "coordinates": [ 78.4210021, 17.3086381 ] } },
{ "type": "Feature", "properties": { "element": "node", "id": 7351300772 }, "geometry": { "type": "Point", "coordinates": [ 78.4170162, 17.3207945 ] } },
{ "type": "Feature", "properties": { "element": "node", "id": 7351300777 }, "geometry": { "type": "Point", "coordinates": [ 78.4104749, 17.3270149 ] } },
{ "type": "Feature", "properties": { "element": "node", "id": 7353970975 }, "geometry": { "type": "Point", "coordinates": [ 78.4589938, 17.4422278 ] } },
{ "type": "Feature", "properties": { "element": "node", "id": 7353970976 }, "geometry": { "type": "Point", "coordinates": [ 78.4548172, 17.4404381 ] } },
{ "type": "Feature", "properties": { "element": "node", "id": 7353970979 }, "geometry": { "type": "Point", "coordinates": [ 78.4567037, 17.439868 ] } },
{ "type": "Feature", "properties": { "element": "node", "id": 7353970981 }, "geometry": { "type": "Point", "coordinates": [ 78.4583742, 17.4353968 ] } },
{ "type": "Feature", "properties": { "element": "node", "id": 7357914981 }, "geometry": { "type": "Point", "coordinates": [ 78.4275969, 17.4012737 ] } },
{ "type": "Feature", "properties": { "element": "node", "id": 7358363183 }, "geometry": { "type": "Point", "coordinates": [ 78.4446463, 17.4020515 ] } },
{ "type": "Feature", "properties": { "element": "node", "id": 7358397101 }, "geometry": { "type": "Point", "coordinates": [ 78.4427097, 17.391815 ] } },
{ "type": "Feature", "properties": { "element": "node", "id": 7358397102 }, "geometry": { "type": "Point", "coordinates": [ 78.4443244, 17.3927161 ] } },
{ "type": "Feature", "properties": { "element": "node", "id": 7358397103 }, "geometry": { "type": "Point", "coordinates": [ 78.4442748, 17.3924836 ] } },
{ "type": "Feature", "properties": { "element": "node", "id": 7358397104 }, "geometry": { "type": "Point", "coordinates": [ 78.4452494, 17.3914861 ] } },
{ "type": "Feature", "properties": { "element": "node", "id": 7358397105 }, "geometry": { "type": "Point", "coordinates": [ 78.444446, 17.3919954 ] } },
{ "type": "Feature", "properties": { "element": "node", "id": 7358397107 }, "geometry": { "type": "Point", "coordinates": [ 78.4440107, 17.3916425 ] } },
{ "type": "Feature", "properties": { "element": "node", "id": 7358397110 }, "geometry": { "type": "Point", "coordinates": [ 78.4426149, 17.3906223 ] } },
{ "type": "Feature", "properties": { "element": "node", "id": 7358397111 }, "geometry": { "type": "Point", "coordinates": [ 78.4430524, 17.3896623 ] } },
{ "type": "Feature", "properties": { "element": "node", "id": 7358397112 }, "geometry": { "type": "Point", "coordinates": [ 78.4428517, 17.3893911 ] } },
{ "type": "Feature", "properties": { "element": "node", "id": 7358397113 }, "geometry": { "type": "Point", "coordinates": [ 78.442378, 17.3889843 ] } },
{ "type": "Feature", "properties": { "element": "node", "id": 7358397114 }, "geometry": { "type": "Point", "coordinates": [ 78.442775, 17.3885388 ] } },
{ "type": "Feature", "properties": { "element": "node", "id": 7358397115 }, "geometry": { "type": "Point", "coordinates": [ 78.442272, 17.386989 ] } },
{ "type": "Feature", "properties": { "element": "node", "id": 7358397116 }, "geometry": { "type": "Point", "coordinates": [ 78.439861, 17.3839597 ] } },
{ "type": "Feature", "properties": { "element": "node", "id": 7358397117 }, "geometry": { "type": "Point", "coordinates": [ 78.4389701, 17.3840114 ] } },
{ "type": "Feature", "properties": { "element": "node", "id": 7358397118 }, "geometry": { "type": "Point", "coordinates": [ 78.4378852, 17.3833614 ] } },
{ "type": "Feature", "properties": { "element": "node", "id": 7358397119 }, "geometry": { "type": "Point", "coordinates": [ 78.4385934, 17.3825929 ] } },
{ "type": "Feature", "properties": { "element": "node", "id": 7358397120 }, "geometry": { "type": "Point", "coordinates": [ 78.4382979, 17.3846701 ] } },
{ "type": "Feature", "properties": { "element": "node", "id": 7358397121 }, "geometry": { "type": "Point", "coordinates": [ 78.4359297, 17.3902275 ] } },
{ "type": "Feature", "properties": { "element": "node", "id": 7358397122 }, "geometry": { "type": "Point", "coordinates": [ 78.4332714, 17.3924427 ] } },
{ "type": "Feature", "properties": { "element": "node", "id": 7358397123 }, "geometry": { "type": "Point", "coordinates": [ 78.4335037, 17.3917777 ] } },
{ "type": "Feature", "properties": { "element": "node", "id": 7358397124 }, "geometry": { "type": "Point", "coordinates": [ 78.4281251, 17.3906951 ] } },
{ "type": "Feature", "properties": { "element": "node", "id": 7358397125 }, "geometry": { "type": "Point", "coordinates": [ 78.4307287, 17.3931587 ] } },
{ "type": "Feature", "properties": { "element": "node", "id": 7358874677 }, "geometry": { "type": "Point", "coordinates": [ 78.4299424, 17.3848705 ] } },
{ "type": "Feature", "properties": { "element": "node", "id": 7358874678 }, "geometry": { "type": "Point", "coordinates": [ 78.4312693, 17.3770594 ] } },
{ "type": "Feature", "properties": { "element": "node", "id": 7358874679 }, "geometry": { "type": "Point", "coordinates": [ 78.4311608, 17.3678618 ] } },
{ "type": "Feature", "properties": { "element": "node", "id": 7358874680 }, "geometry": { "type": "Point", "coordinates": [ 78.4296755, 17.366665 ] } },
{ "type": "Feature", "properties": { "element": "node", "id": 7358874681 }, "geometry": { "type": "Point", "coordinates": [ 78.4356797, 17.3782153 ] } },
{ "type": "Feature", "properties": { "element": "node", "id": 7359015216 }, "geometry": { "type": "Point", "coordinates": [ 78.44202, 17.3707564 ] } },
{ "type": "Feature", "properties": { "element": "node", "id": 7359015225 }, "geometry": { "type": "Point", "coordinates": [ 78.4466279, 17.3688217 ] } },
{ "type": "Feature", "properties": { "element": "node", "id": 7359015227 }, "geometry": { "type": "Point", "coordinates": [ 78.4504049, 17.3726843 ] } },
{ "type": "Feature", "properties": { "element": "node", "id": 7359015228 }, "geometry": { "type": "Point", "coordinates": [ 78.4512605, 17.3723566 ] } },
{ "type": "Feature", "properties": { "element": "node", "id": 7359424927 }, "geometry": { "type": "Point", "coordinates": [ 78.4673148, 17.3815923 ] } },
{ "type": "Feature", "properties": { "element": "node", "id": 7359424928 }, "geometry": { "type": "Point", "coordinates": [ 78.4641779, 17.3789287 ] } },
{ "type": "Feature", "properties": { "element": "node", "id": 7359424929 }, "geometry": { "type": "Point", "coordinates": [ 78.4672731, 17.3762245 ] } },
{ "type": "Feature", "properties": { "element": "node", "id": 7362894297 }, "geometry": { "type": "Point", "coordinates": [ 78.4985094, 17.4169035 ] } },
{ "type": "Feature", "properties": { "element": "node", "id": 7362894298 }, "geometry": { "type": "Point", "coordinates": [ 78.5003002, 17.4189264 ] } },
{ "type": "Feature", "properties": { "element": "node", "id": 7362894299 }, "geometry": { "type": "Point", "coordinates": [ 78.499219, 17.4144712 ] } },
{ "type": "Feature", "properties": { "element": "node", "id": 7362894308 }, "geometry": { "type": "Point", "coordinates": [ 78.5018142, 17.4182177 ] } },
{ "type": "Feature", "properties": { "element": "node", "id": 7362894309 }, "geometry": { "type": "Point", "coordinates": [ 78.5042977, 17.419326 ] } },
{ "type": "Feature", "properties": { "element": "node", "id": 7362894313 }, "geometry": { "type": "Point", "coordinates": [ 78.5058749, 17.4193915 ] } },
{ "type": "Feature", "properties": { "element": "node", "id": 7362894314 }, "geometry": { "type": "Point", "coordinates": [ 78.5058844, 17.418597 ] } },
{ "type": "Feature", "properties": { "element": "node", "id": 7362894316 }, "geometry": { "type": "Point", "coordinates": [ 78.5060257, 17.4177504 ] } },
{ "type": "Feature", "properties": { "element": "node", "id": 7363305985 }, "geometry": { "type": "Point", "coordinates": [ 78.50371770000001, 17.415587 ] } },
{ "type": "Feature", "properties": { "element": "node", "id": 7363305986 }, "geometry": { "type": "Point", "coordinates": [ 78.5020467, 17.415482 ] } },
{ "type": "Feature", "properties": { "element": "node", "id": 7363305987 }, "geometry": { "type": "Point", "coordinates": [ 78.5015916, 17.4148758 ] } },
{ "type": "Feature", "properties": { "element": "node", "id": 7363305990 }, "geometry": { "type": "Point", "coordinates": [ 78.5015336, 17.4131064 ] } },
{ "type": "Feature", "properties": { "element": "node", "id": 7363305991 }, "geometry": { "type": "Point", "coordinates": [ 78.5060608, 17.4094797 ] } },
{ "type": "Feature", "properties": { "element": "node", "id": 7363305992 }, "geometry": { "type": "Point", "coordinates": [ 78.5065615, 17.4104117 ] } },
{ "type": "Feature", "properties": { "element": "node", "id": 7363305993 }, "geometry": { "type": "Point", "coordinates": [ 78.5068802, 17.4113057 ] } },
{ "type": "Feature", "properties": { "element": "node", "id": 7363305994 }, "geometry": { "type": "Point", "coordinates": [ 78.5064382, 17.4112786 ] } },
{ "type": "Feature", "properties": { "element": "node", "id": 7363305995 }, "geometry": { "type": "Point", "coordinates": [ 78.5056436, 17.4130521 ] } },
{ "type": "Feature", "properties": { "element": "node", "id": 7363305996 }, "geometry": { "type": "Point", "coordinates": [ 78.5064648, 17.4128856 ] } },
{ "type": "Feature", "properties": { "element": "node", "id": 7363305997 }, "geometry": { "type": "Point", "coordinates": [ 78.5069181, 17.4136041 ] } },
{ "type": "Feature", "properties": { "element": "node", "id": 7363305998 }, "geometry": { "type": "Point", "coordinates": [ 78.5078885, 17.4152247 ] } },
{ "type": "Feature", "properties": { "element": "node", "id": 7363305999 }, "geometry": { "type": "Point", "coordinates": [ 78.5031921, 17.4088025 ] } },
{ "type": "Feature", "properties": { "element": "node", "id": 7372561036 }, "geometry": { "type": "Point", "coordinates": [ 78.5238506, 17.4253343 ] } },
{ "type": "Feature", "properties": { "element": "node", "id": 7372561037 }, "geometry": { "type": "Point", "coordinates": [ 78.5220874, 17.4251271 ] } },
{ "type": "Feature", "properties": { "element": "node", "id": 7372561038 }, "geometry": { "type": "Point", "coordinates": [ 78.5206308, 17.4245923 ] } },
{ "type": "Feature", "properties": { "element": "node", "id": 7372561039 }, "geometry": { "type": "Point", "coordinates": [ 78.5211463, 17.4213524 ] } },
{ "type": "Feature", "properties": { "element": "node", "id": 7372561053 }, "geometry": { "type": "Point", "coordinates": [ 78.5402016, 17.4195609 ] } },
{ "type": "Feature", "properties": { "element": "node", "id": 7372561054 }, "geometry": { "type": "Point", "coordinates": [ 78.539814, 17.4180277 ] } },
{ "type": "Feature", "properties": { "element": "node", "id": 7372921891 }, "geometry": { "type": "Point", "coordinates": [ 78.5311836, 17.3979714 ] } },
{ "type": "Feature", "properties": { "element": "node", "id": 7372921902 }, "geometry": { "type": "Point", "coordinates": [ 78.527628, 17.3945106 ] } },
{ "type": "Feature", "properties": { "element": "node", "id": 7372921903 }, "geometry": { "type": "Point", "coordinates": [ 78.5288257, 17.3945164 ] } },
{ "type": "Feature", "properties": { "element": "node", "id": 7372921904 }, "geometry": { "type": "Point", "coordinates": [ 78.5308929, 17.3950545 ] } },
{ "type": "Feature", "properties": { "element": "node", "id": 7372921905 }, "geometry": { "type": "Point", "coordinates": [ 78.5305516, 17.3953573 ] } },
{ "type": "Feature", "properties": { "element": "node", "id": 7372921906 }, "geometry": { "type": "Point", "coordinates": [ 78.5342435, 17.3904006 ] } },
{ "type": "Feature", "properties": { "element": "node", "id": 7372921907 }, "geometry": { "type": "Point", "coordinates": [ 78.5332759, 17.3874395 ] } },
{ "type": "Feature", "properties": { "element": "node", "id": 7372921908 }, "geometry": { "type": "Point", "coordinates": [ 78.5322703, 17.3861566 ] } },
{ "type": "Feature", "properties": { "element": "node", "id": 7372921909 }, "geometry": { "type": "Point", "coordinates": [ 78.532349100000019, 17.386448 ] } },
{ "type": "Feature", "properties": { "element": "node", "id": 7372921910 }, "geometry": { "type": "Point", "coordinates": [ 78.5309909, 17.3875962 ] } },
{ "type": "Feature", "properties": { "element": "node", "id": 7372921911 }, "geometry": { "type": "Point", "coordinates": [ 78.5299096, 17.3826528 ] } },
{ "type": "Feature", "properties": { "element": "node", "id": 7372921923 }, "geometry": { "type": "Point", "coordinates": [ 78.5170522, 17.3813762 ] } },
{ "type": "Feature", "properties": { "element": "node", "id": 7372921924 }, "geometry": { "type": "Point", "coordinates": [ 78.5174638, 17.3810378 ] } },
{ "type": "Feature", "properties": { "element": "node", "id": 7372921925 }, "geometry": { "type": "Point", "coordinates": [ 78.5275797, 17.3841524 ] } },
{ "type": "Feature", "properties": { "element": "node", "id": 7372921926 }, "geometry": { "type": "Point", "coordinates": [ 78.5262214, 17.3848505 ] } },
{ "type": "Feature", "properties": { "element": "node", "id": 7372921927 }, "geometry": { "type": "Point", "coordinates": [ 78.5255675, 17.3849235 ] } },
{ "type": "Feature", "properties": { "element": "node", "id": 7372921928 }, "geometry": { "type": "Point", "coordinates": [ 78.5263139, 17.3858946 ] } },
{ "type": "Feature", "properties": { "element": "node", "id": 7372921929 }, "geometry": { "type": "Point", "coordinates": [ 78.5277397, 17.3860498 ] } },
{ "type": "Feature", "properties": { "element": "node", "id": 7372921930 }, "geometry": { "type": "Point", "coordinates": [ 78.5273984, 17.3852432 ] } },
{ "type": "Feature", "properties": { "element": "node", "id": 7375397974 }, "geometry": { "type": "Point", "coordinates": [ 78.513538, 17.3858925 ] } },
{ "type": "Feature", "properties": { "element": "node", "id": 7375397981 }, "geometry": { "type": "Point", "coordinates": [ 78.5074201, 17.3894691 ] } },
{ "type": "Feature", "properties": { "element": "node", "id": 7375397983 }, "geometry": { "type": "Point", "coordinates": [ 78.5097805, 17.3898991 ] } },
{ "type": "Feature", "properties": { "element": "node", "id": 7375397984 }, "geometry": { "type": "Point", "coordinates": [ 78.5127656, 17.3900796 ] } },
{ "type": "Feature", "properties": { "element": "node", "id": 7375436985 }, "geometry": { "type": "Point", "coordinates": [ 78.5143557, 17.3886002 ] } },
{ "type": "Feature", "properties": { "element": "node", "id": 7375436986 }, "geometry": { "type": "Point", "coordinates": [ 78.514707, 17.3892025 ] } },
{ "type": "Feature", "properties": { "element": "node", "id": 7375436987 }, "geometry": { "type": "Point", "coordinates": [ 78.51518950000002, 17.3871818 ] } },
{ "type": "Feature", "properties": { "element": "node", "id": 7375436988 }, "geometry": { "type": "Point", "coordinates": [ 78.5179344, 17.3835379 ] } },
{ "type": "Feature", "properties": { "element": "node", "id": 7375436989 }, "geometry": { "type": "Point", "coordinates": [ 78.5198893, 17.3833066 ] } },
{ "type": "Feature", "properties": { "element": "node", "id": 7375436990 }, "geometry": { "type": "Point", "coordinates": [ 78.5202366, 17.3837426 ] } },
{ "type": "Feature", "properties": { "element": "node", "id": 7375436991 }, "geometry": { "type": "Point", "coordinates": [ 78.5253082, 17.3860223 ] } },
{ "type": "Feature", "properties": { "element": "node", "id": 7375436992 }, "geometry": { "type": "Point", "coordinates": [ 78.5270101, 17.3859916 ] } },
{ "type": "Feature", "properties": { "element": "node", "id": 7375436993 }, "geometry": { "type": "Point", "coordinates": [ 78.5291129, 17.3868171 ] } },
{ "type": "Feature", "properties": { "element": "node", "id": 7375436994 }, "geometry": { "type": "Point", "coordinates": [ 78.5288541, 17.3852326 ] } },
{ "type": "Feature", "properties": { "element": "node", "id": 7375436995 }, "geometry": { "type": "Point", "coordinates": [ 78.5287184, 17.388468 ] } },
{ "type": "Feature", "properties": { "element": "node", "id": 7375436996 }, "geometry": { "type": "Point", "coordinates": [ 78.5275683, 17.3879171 ] } },
{ "type": "Feature", "properties": { "element": "node", "id": 7375436997 }, "geometry": { "type": "Point", "coordinates": [ 78.5311984, 17.3895601 ] } },
{ "type": "Feature", "properties": { "element": "node", "id": 7375436999 }, "geometry": { "type": "Point", "coordinates": [ 78.515475600000016, 17.3904591 ] } },
{ "type": "Feature", "properties": { "element": "node", "id": 7375437000 }, "geometry": { "type": "Point", "coordinates": [ 78.5160003, 17.390211 ] } },
{ "type": "Feature", "properties": { "element": "node", "id": 7375437001 }, "geometry": { "type": "Point", "coordinates": [ 78.5176432, 17.389789 ] } },
{ "type": "Feature", "properties": { "element": "node", "id": 7375437002 }, "geometry": { "type": "Point", "coordinates": [ 78.5077177, 17.3905434 ] } },
{ "type": "Feature", "properties": { "element": "node", "id": 7375437003 }, "geometry": { "type": "Point", "coordinates": [ 78.5090651, 17.3918817 ] } },
{ "type": "Feature", "properties": { "element": "node", "id": 7375728225 }, "geometry": { "type": "Point", "coordinates": [ 78.5236746, 17.3956978 ] } },
{ "type": "Feature", "properties": { "element": "node", "id": 7375728226 }, "geometry": { "type": "Point", "coordinates": [ 78.5232504, 17.3952838 ] } },
{ "type": "Feature", "properties": { "element": "node", "id": 7375728227 }, "geometry": { "type": "Point", "coordinates": [ 78.5202065, 17.3930972 ] } },
{ "type": "Feature", "properties": { "element": "node", "id": 7375728228 }, "geometry": { "type": "Point", "coordinates": [ 78.5201344, 17.3936329 ] } },
{ "type": "Feature", "properties": { "element": "node", "id": 7375728231 }, "geometry": { "type": "Point", "coordinates": [ 78.5060429, 17.391379 ] } },
{ "type": "Feature", "properties": { "element": "node", "id": 7375728232 }, "geometry": { "type": "Point", "coordinates": [ 78.507368, 17.3933668 ] } },
{ "type": "Feature", "properties": { "element": "node", "id": 7375728233 }, "geometry": { "type": "Point", "coordinates": [ 78.5205286, 17.3975579 ] } },
{ "type": "Feature", "properties": { "element": "node", "id": 7375728234 }, "geometry": { "type": "Point", "coordinates": [ 78.5193422, 17.3977645 ] } },
{ "type": "Feature", "properties": { "element": "node", "id": 7375728235 }, "geometry": { "type": "Point", "coordinates": [ 78.5203681, 17.4031565 ] } },
{ "type": "Feature", "properties": { "element": "node", "id": 7375728236 }, "geometry": { "type": "Point", "coordinates": [ 78.5202541, 17.4027701 ] } },
{ "type": "Feature", "properties": { "element": "node", "id": 7375728237 }, "geometry": { "type": "Point", "coordinates": [ 78.5194856, 17.4019562 ] } },
{ "type": "Feature", "properties": { "element": "node", "id": 7375728238 }, "geometry": { "type": "Point", "coordinates": [ 78.5188486, 17.401498 ] } },
{ "type": "Feature", "properties": { "element": "node", "id": 7375728239 }, "geometry": { "type": "Point", "coordinates": [ 78.5181848, 17.4013675 ] } },
{ "type": "Feature", "properties": { "element": "node", "id": 7375728240 }, "geometry": { "type": "Point", "coordinates": [ 78.5169313, 17.4047002 ] } },
{ "type": "Feature", "properties": { "element": "node", "id": 7375728241 }, "geometry": { "type": "Point", "coordinates": [ 78.5161561, 17.4052787 ] } },
{ "type": "Feature", "properties": { "element": "node", "id": 7375728242 }, "geometry": { "type": "Point", "coordinates": [ 78.5170252, 17.4055679 ] } },
{ "type": "Feature", "properties": { "element": "node", "id": 7375728243 }, "geometry": { "type": "Point", "coordinates": [ 78.51534340000002, 17.4061463 ] } },
{ "type": "Feature", "properties": { "element": "node", "id": 7375728244 }, "geometry": { "type": "Point", "coordinates": [ 78.5148806, 17.4055852 ] } },
{ "type": "Feature", "properties": { "element": "node", "id": 7375728245 }, "geometry": { "type": "Point", "coordinates": [ 78.5150104, 17.4055388 ] } },
{ "type": "Feature", "properties": { "element": "node", "id": 7375728246 }, "geometry": { "type": "Point", "coordinates": [ 78.5143918, 17.3983884 ] } },
{ "type": "Feature", "properties": { "element": "node", "id": 7379750174 }, "geometry": { "type": "Point", "coordinates": [ 78.463343, 17.4186162 ] } },
{ "type": "Feature", "properties": { "element": "node", "id": 7379750175 }, "geometry": { "type": "Point", "coordinates": [ 78.462253, 17.4186487 ] } },
{ "type": "Feature", "properties": { "element": "node", "id": 7379750176 }, "geometry": { "type": "Point", "coordinates": [ 78.4628477, 17.4172172 ] } },
{ "type": "Feature", "properties": { "element": "node", "id": 7379750177 }, "geometry": { "type": "Point", "coordinates": [ 78.463187, 17.4167139 ] } },
{ "type": "Feature", "properties": { "element": "node", "id": 7379750180 }, "geometry": { "type": "Point", "coordinates": [ 78.4616519, 17.4134137 ] } },
{ "type": "Feature", "properties": { "element": "node", "id": 7379750183 }, "geometry": { "type": "Point", "coordinates": [ 78.4641457, 17.4136113 ] } },
{ "type": "Feature", "properties": { "element": "node", "id": 7379750184 }, "geometry": { "type": "Point", "coordinates": [ 78.455753, 17.4162302 ] } },
{ "type": "Feature", "properties": { "element": "node", "id": 7379759285 }, "geometry": { "type": "Point", "coordinates": [ 78.4532113, 17.4136159 ] } },
{ "type": "Feature", "properties": { "element": "node", "id": 7379759286 }, "geometry": { "type": "Point", "coordinates": [ 78.4530706, 17.4130869 ] } },
{ "type": "Feature", "properties": { "element": "node", "id": 7379759287 }, "geometry": { "type": "Point", "coordinates": [ 78.4528972, 17.4127151 ] } },
{ "type": "Feature", "properties": { "element": "node", "id": 7379759288 }, "geometry": { "type": "Point", "coordinates": [ 78.4522655, 17.4126316 ] } },
{ "type": "Feature", "properties": { "element": "node", "id": 7379759289 }, "geometry": { "type": "Point", "coordinates": [ 78.454362700000019, 17.4116427 ] } },
{ "type": "Feature", "properties": { "element": "node", "id": 7379759290 }, "geometry": { "type": "Point", "coordinates": [ 78.4543497, 17.4112915 ] } },
{ "type": "Feature", "properties": { "element": "node", "id": 7379759291 }, "geometry": { "type": "Point", "coordinates": [ 78.4555535, 17.411246 ] } },
{ "type": "Feature", "properties": { "element": "node", "id": 7379759292 }, "geometry": { "type": "Point", "coordinates": [ 78.456535100000011, 17.4111386 ] } },
{ "type": "Feature", "properties": { "element": "node", "id": 7379759293 }, "geometry": { "type": "Point", "coordinates": [ 78.4566116, 17.4109747 ] } },
{ "type": "Feature", "properties": { "element": "node", "id": 7379759294 }, "geometry": { "type": "Point", "coordinates": [ 78.4541655, 17.4106395 ] } },
{ "type": "Feature", "properties": { "element": "node", "id": 7379950127 }, "geometry": { "type": "Point", "coordinates": [ 78.4615657, 17.4114795 ] } },
{ "type": "Feature", "properties": { "element": "node", "id": 7379950129 }, "geometry": { "type": "Point", "coordinates": [ 78.4617494, 17.4102426 ] } },
{ "type": "Feature", "properties": { "element": "node", "id": 7379950130 }, "geometry": { "type": "Point", "coordinates": [ 78.4613239, 17.4091909 ] } },
{ "type": "Feature", "properties": { "element": "node", "id": 7379950131 }, "geometry": { "type": "Point", "coordinates": [ 78.4612074, 17.4096032 ] } },
{ "type": "Feature", "properties": { "element": "node", "id": 7379950133 }, "geometry": { "type": "Point", "coordinates": [ 78.4693012, 17.4028481 ] } },
{ "type": "Feature", "properties": { "element": "node", "id": 7385438418 }, "geometry": { "type": "Point", "coordinates": [ 78.3988434, 17.4284153 ] } },
{ "type": "Feature", "properties": { "element": "node", "id": 7385438430 }, "geometry": { "type": "Point", "coordinates": [ 78.3999765, 17.4339646 ] } },
{ "type": "Feature", "properties": { "element": "node", "id": 7385438431 }, "geometry": { "type": "Point", "coordinates": [ 78.3994454, 17.4328865 ] } },
{ "type": "Feature", "properties": { "element": "node", "id": 7385438436 }, "geometry": { "type": "Point", "coordinates": [ 78.3971694, 17.4305637 ] } },
{ "type": "Feature", "properties": { "element": "node", "id": 7385438438 }, "geometry": { "type": "Point", "coordinates": [ 78.3982658, 17.4323904 ] } },
{ "type": "Feature", "properties": { "element": "node", "id": 7385438439 }, "geometry": { "type": "Point", "coordinates": [ 78.4037842, 17.4223811 ] } },
{ "type": "Feature", "properties": { "element": "node", "id": 7385438440 }, "geometry": { "type": "Point", "coordinates": [ 78.4048723, 17.41543 ] } },
{ "type": "Feature", "properties": { "element": "node", "id": 7385438441 }, "geometry": { "type": "Point", "coordinates": [ 78.4054691, 17.4141797 ] } },
{ "type": "Feature", "properties": { "element": "node", "id": 7385438443 }, "geometry": { "type": "Point", "coordinates": [ 78.3971119, 17.4423925 ] } },
{ "type": "Feature", "properties": { "element": "node", "id": 7385438444 }, "geometry": { "type": "Point", "coordinates": [ 78.3974119, 17.4422085 ] } },
{ "type": "Feature", "properties": { "element": "node", "id": 7385438445 }, "geometry": { "type": "Point", "coordinates": [ 78.3969912, 17.4433156 ] } },
{ "type": "Feature", "properties": { "element": "node", "id": 7385438446 }, "geometry": { "type": "Point", "coordinates": [ 78.3977727, 17.4441106 ] } },
{ "type": "Feature", "properties": { "element": "node", "id": 7385438462 }, "geometry": { "type": "Point", "coordinates": [ 78.4006274, 17.4443981 ] } },
{ "type": "Feature", "properties": { "element": "node", "id": 7385438463 }, "geometry": { "type": "Point", "coordinates": [ 78.4136397, 17.4361015 ] } },
{ "type": "Feature", "properties": { "element": "node", "id": 7385438464 }, "geometry": { "type": "Point", "coordinates": [ 78.4151125, 17.4354043 ] } },
{ "type": "Feature", "properties": { "element": "node", "id": 7385438467 }, "geometry": { "type": "Point", "coordinates": [ 78.418004, 17.4340723 ] } },
{ "type": "Feature", "properties": { "element": "node", "id": 7385438469 }, "geometry": { "type": "Point", "coordinates": [ 78.4217025, 17.4346594 ] } },
{ "type": "Feature", "properties": { "element": "node", "id": 7385892259 }, "geometry": { "type": "Point", "coordinates": [ 78.4174383, 17.436004 ] } },
{ "type": "Feature", "properties": { "element": "node", "id": 7385892260 }, "geometry": { "type": "Point", "coordinates": [ 78.417756900000015, 17.4359805 ] } },
{ "type": "Feature", "properties": { "element": "node", "id": 7385892261 }, "geometry": { "type": "Point", "coordinates": [ 78.4143329, 17.4377049 ] } },
{ "type": "Feature", "properties": { "element": "node", "id": 7385892266 }, "geometry": { "type": "Point", "coordinates": [ 78.4097371, 17.4470171 ] } },
{ "type": "Feature", "properties": { "element": "node", "id": 7385892267 }, "geometry": { "type": "Point", "coordinates": [ 78.4111128, 17.4482016 ] } },
{ "type": "Feature", "properties": { "element": "node", "id": 7385892268 }, "geometry": { "type": "Point", "coordinates": [ 78.4144352, 17.4470664 ] } },
{ "type": "Feature", "properties": { "element": "node", "id": 7397325517 }, "geometry": { "type": "Point", "coordinates": [ 78.4269263, 17.4365512 ] } },
{ "type": "Feature", "properties": { "element": "node", "id": 7397325518 }, "geometry": { "type": "Point", "coordinates": [ 78.42823970000002, 17.4376017 ] } },
{ "type": "Feature", "properties": { "element": "node", "id": 7397325522 }, "geometry": { "type": "Point", "coordinates": [ 78.4252678, 17.4324097 ] } },
{ "type": "Feature", "properties": { "element": "node", "id": 7397325523 }, "geometry": { "type": "Point", "coordinates": [ 78.4253617, 17.4329953 ] } },
{ "type": "Feature", "properties": { "element": "node", "id": 7397325524 }, "geometry": { "type": "Point", "coordinates": [ 78.4249541, 17.4344136 ] } },
{ "type": "Feature", "properties": { "element": "node", "id": 7397325526 }, "geometry": { "type": "Point", "coordinates": [ 78.4204287, 17.4357487 ] } },
{ "type": "Feature", "properties": { "element": "node", "id": 7397325527 }, "geometry": { "type": "Point", "coordinates": [ 78.4190319, 17.4345944 ] } },
{ "type": "Feature", "properties": { "element": "node", "id": 7397325528 }, "geometry": { "type": "Point", "coordinates": [ 78.4199433, 17.4338968 ] } },
{ "type": "Feature", "properties": { "element": "node", "id": 7397325529 }, "geometry": { "type": "Point", "coordinates": [ 78.4230964, 17.4333617 ] } },
{ "type": "Feature", "properties": { "element": "node", "id": 7397325530 }, "geometry": { "type": "Point", "coordinates": [ 78.4276962, 17.433945 ] } },
{ "type": "Feature", "properties": { "element": "node", "id": 7397325531 }, "geometry": { "type": "Point", "coordinates": [ 78.4275719, 17.4332692 ] } },
{ "type": "Feature", "properties": { "element": "node", "id": 7397325532 }, "geometry": { "type": "Point", "coordinates": [ 78.4271267, 17.4330818 ] } },
{ "type": "Feature", "properties": { "element": "node", "id": 7397325533 }, "geometry": { "type": "Point", "coordinates": [ 78.4281653, 17.4308888 ] } },
{ "type": "Feature", "properties": { "element": "node", "id": 7398511181 }, "geometry": { "type": "Point", "coordinates": [ 78.4286034, 17.4319374 ] } },
{ "type": "Feature", "properties": { "element": "node", "id": 7398511183 }, "geometry": { "type": "Point", "coordinates": [ 78.4278769, 17.4329259 ] } },
{ "type": "Feature", "properties": { "element": "node", "id": 7398511184 }, "geometry": { "type": "Point", "coordinates": [ 78.4283, 17.4330098 ] } },
{ "type": "Feature", "properties": { "element": "node", "id": 7398541391 }, "geometry": { "type": "Point", "coordinates": [ 78.4291518, 17.4305623 ] } },
{ "type": "Feature", "properties": { "element": "node", "id": 7398541392 }, "geometry": { "type": "Point", "coordinates": [ 78.430006, 17.4303869 ] } },
{ "type": "Feature", "properties": { "element": "node", "id": 7398541393 }, "geometry": { "type": "Point", "coordinates": [ 78.4286618, 17.4352522 ] } },
{ "type": "Feature", "properties": { "element": "node", "id": 7398541394 }, "geometry": { "type": "Point", "coordinates": [ 78.431017700000012, 17.430131 ] } },
{ "type": "Feature", "properties": { "element": "node", "id": 7398541395 }, "geometry": { "type": "Point", "coordinates": [ 78.433941, 17.4306464 ] } },
{ "type": "Feature", "properties": { "element": "node", "id": 7398541397 }, "geometry": { "type": "Point", "coordinates": [ 78.439629, 17.4348241 ] } },
{ "type": "Feature", "properties": { "element": "node", "id": 7398541398 }, "geometry": { "type": "Point", "coordinates": [ 78.441217600000016, 17.4372947 ] } },
{ "type": "Feature", "properties": { "element": "node", "id": 7398541399 }, "geometry": { "type": "Point", "coordinates": [ 78.4378621, 17.4349108 ] } },
{ "type": "Feature", "properties": { "element": "node", "id": 7398541400 }, "geometry": { "type": "Point", "coordinates": [ 78.4328895, 17.4345308 ] } },
{ "type": "Feature", "properties": { "element": "node", "id": 7401493579 }, "geometry": { "type": "Point", "coordinates": [ 78.2959999, 17.4822094 ] } },
{ "type": "Feature", "properties": { "element": "node", "id": 7401493581 }, "geometry": { "type": "Point", "coordinates": [ 78.2975931, 17.4785088 ] } },
{ "type": "Feature", "properties": { "element": "node", "id": 7401493582 }, "geometry": { "type": "Point", "coordinates": [ 78.2995091, 17.4842051 ] } },
{ "type": "Feature", "properties": { "element": "node", "id": 7401493584 }, "geometry": { "type": "Point", "coordinates": [ 78.3063348, 17.4830041 ] } },
{ "type": "Feature", "properties": { "element": "node", "id": 7401498986 }, "geometry": { "type": "Point", "coordinates": [ 78.3094556, 17.4843865 ] } },
{ "type": "Feature", "properties": { "element": "node", "id": 7401498987 }, "geometry": { "type": "Point", "coordinates": [ 78.3169068, 17.4903138 ] } },
{ "type": "Feature", "properties": { "element": "node", "id": 7401498988 }, "geometry": { "type": "Point", "coordinates": [ 78.3190946, 17.4891242 ] } },
{ "type": "Feature", "properties": { "element": "node", "id": 7401499020 }, "geometry": { "type": "Point", "coordinates": [ 78.3300281, 17.483293 ] } },
{ "type": "Feature", "properties": { "element": "node", "id": 7402256571 }, "geometry": { "type": "Point", "coordinates": [ 78.3324156, 17.4709316 ] } },
{ "type": "Feature", "properties": { "element": "node", "id": 7402256573 }, "geometry": { "type": "Point", "coordinates": [ 78.3183098, 17.4824269 ] } },
{ "type": "Feature", "properties": { "element": "node", "id": 7402256574 }, "geometry": { "type": "Point", "coordinates": [ 78.3176485, 17.4799375 ] } },
{ "type": "Feature", "properties": { "element": "node", "id": 7402256575 }, "geometry": { "type": "Point", "coordinates": [ 78.3095514, 17.469582 ] } },
{ "type": "Feature", "properties": { "element": "node", "id": 7402256576 }, "geometry": { "type": "Point", "coordinates": [ 78.3091048, 17.4691367 ] } },
{ "type": "Feature", "properties": { "element": "node", "id": 7402256577 }, "geometry": { "type": "Point", "coordinates": [ 78.303835800000016, 17.4685707 ] } },
{ "type": "Feature", "properties": { "element": "node", "id": 7402256579 }, "geometry": { "type": "Point", "coordinates": [ 78.3029526, 17.4755464 ] } },
{ "type": "Feature", "properties": { "element": "node", "id": 7402256582 }, "geometry": { "type": "Point", "coordinates": [ 78.3039511, 17.4783486 ] } },
{ "type": "Feature", "properties": { "element": "node", "id": 7402256583 }, "geometry": { "type": "Point", "coordinates": [ 78.3040678, 17.4781306 ] } },
{ "type": "Feature", "properties": { "element": "node", "id": 7402256584 }, "geometry": { "type": "Point", "coordinates": [ 78.3102125, 17.478913 ] } },
{ "type": "Feature", "properties": { "element": "node", "id": 7463187078 }, "geometry": { "type": "Point", "coordinates": [ 78.4597765, 17.494379 ] } },
{ "type": "Feature", "properties": { "element": "node", "id": 7463226396 }, "geometry": { "type": "Point", "coordinates": [ 78.449123, 17.4891554 ] } },
{ "type": "Feature", "properties": { "element": "node", "id": 7465741954 }, "geometry": { "type": "Point", "coordinates": [ 78.4597249, 17.4927243 ] } },
{ "type": "Feature", "properties": { "element": "node", "id": 7527829347 }, "geometry": { "type": "Point", "coordinates": [ 78.5097698, 17.348503 ] } },
{ "type": "Feature", "properties": { "element": "node", "id": 7536707190 }, "geometry": { "type": "Point", "coordinates": [ 78.5195832, 17.4764818 ] } },
{ "type": "Feature", "properties": { "element": "node", "id": 7538785258 }, "geometry": { "type": "Point", "coordinates": [ 78.5241136, 17.4754791 ] } },
{ "type": "Feature", "properties": { "element": "node", "id": 7570562854 }, "geometry": { "type": "Point", "coordinates": [ 78.5111989, 17.4735595 ] } },
{ "type": "Feature", "properties": { "element": "node", "id": 7575856790 }, "geometry": { "type": "Point", "coordinates": [ 78.4539566, 17.4034843 ] } },
{ "type": "Feature", "properties": { "element": "node", "id": 7612889827 }, "geometry": { "type": "Point", "coordinates": [ 78.3660387, 17.4956423 ] } },
{ "type": "Feature", "properties": { "element": "node", "id": 7637471685 }, "geometry": { "type": "Point", "coordinates": [ 78.5669782, 17.30874 ] } },
{ "type": "Feature", "properties": { "element": "node", "id": 7642365581 }, "geometry": { "type": "Point", "coordinates": [ 78.4978476, 17.44278 ] } },
{ "type": "Feature", "properties": { "element": "node", "id": 7642406390 }, "geometry": { "type": "Point", "coordinates": [ 78.5030995, 17.4420497 ] } },
{ "type": "Feature", "properties": { "element": "node", "id": 7836546005 }, "geometry": { "type": "Point", "coordinates": [ 78.3576715, 17.4969681 ] } },
{ "type": "Feature", "properties": { "element": "node", "id": 7892295752 }, "geometry": { "type": "Point", "coordinates": [ 78.6231634, 17.3409275 ] } },
{ "type": "Feature", "properties": { "element": "node", "id": 7944691258 }, "geometry": { "type": "Point", "coordinates": [ 78.4218974, 17.4860899 ] } },
{ "type": "Feature", "properties": { "element": "node", "id": 7944691259 }, "geometry": { "type": "Point", "coordinates": [ 78.4221791, 17.486072 ] } },
{ "type": "Feature", "properties": { "element": "node", "id": 7944695744 }, "geometry": { "type": "Point", "coordinates": [ 78.457481, 17.5597325 ] } },
{ "type": "Feature", "properties": { "element": "node", "id": 7969238161 }, "geometry": { "type": "Point", "coordinates": [ 78.4782064, 17.4709623 ] } },
{ "type": "Feature", "properties": { "element": "node", "id": 8017971023 }, "geometry": { "type": "Point", "coordinates": [ 78.6104289, 17.28923 ] } },
{ "type": "Feature", "properties": { "element": "node", "id": 8077237916 }, "geometry": { "type": "Point", "coordinates": [ 78.5054576, 17.357872 ] } },
{ "type": "Feature", "properties": { "element": "node", "id": 8111054114 }, "geometry": { "type": "Point", "coordinates": [ 78.57353280000001, 17.4191797 ] } },
{ "type": "Feature", "properties": { "element": "node", "id": 8111129868 }, "geometry": { "type": "Point", "coordinates": [ 78.5709491, 17.4136015 ] } },
{ "type": "Feature", "properties": { "element": "node", "id": 8113825642 }, "geometry": { "type": "Point", "coordinates": [ 78.5704271, 17.4173173 ] } },
{ "type": "Feature", "properties": { "element": "node", "id": 8113828214 }, "geometry": { "type": "Point", "coordinates": [ 78.3769564, 17.4025191 ] } },
{ "type": "Feature", "properties": { "element": "node", "id": 8146706773 }, "geometry": { "type": "Point", "coordinates": [ 78.518919100000019, 17.3832875 ] } },
{ "type": "Feature", "properties": { "element": "node", "id": 8231011730 }, "geometry": { "type": "Point", "coordinates": [ 78.5558279, 17.5149626 ] } },
{ "type": "Feature", "properties": { "element": "node", "id": 8233040768 }, "geometry": { "type": "Point", "coordinates": [ 78.5603678, 17.4127316 ] } },
{ "type": "Feature", "properties": { "element": "node", "id": 8233211573 }, "geometry": { "type": "Point", "coordinates": [ 78.4560041, 17.5604951 ] } },
{ "type": "Feature", "properties": { "element": "node", "id": 8233701014 }, "geometry": { "type": "Point", "coordinates": [ 78.5037063, 17.371567 ] } },
{ "type": "Feature", "properties": { "element": "node", "id": 8259012752 }, "geometry": { "type": "Point", "coordinates": [ 78.4393913, 17.381063 ] } },
{ "type": "Feature", "properties": { "element": "node", "id": 8386049770 }, "geometry": { "type": "Point", "coordinates": [ 78.497944, 17.4390615 ] } },
{ "type": "Feature", "properties": { "element": "node", "id": 8386091372 }, "geometry": { "type": "Point", "coordinates": [ 78.502414, 17.4548184 ] } },
{ "type": "Feature", "properties": { "element": "node", "id": 8386126398 }, "geometry": { "type": "Point", "coordinates": [ 78.3954833, 17.5154983 ] } },
{ "type": "Feature", "properties": { "element": "node", "id": 8386143361 }, "geometry": { "type": "Point", "coordinates": [ 78.4597969, 17.4352252 ] } },
{ "type": "Feature", "properties": { "element": "node", "id": 8386186345 }, "geometry": { "type": "Point", "coordinates": [ 78.4615753, 17.4923402 ] } },
{ "type": "Feature", "properties": { "element": "node", "id": 8386246338 }, "geometry": { "type": "Point", "coordinates": [ 78.3453066, 17.4967073 ] } },
{ "type": "Feature", "properties": { "element": "node", "id": 8386384789 }, "geometry": { "type": "Point", "coordinates": [ 78.3954655, 17.5043769 ] } },
{ "type": "Feature", "properties": { "element": "node", "id": 8386455062 }, "geometry": { "type": "Point", "coordinates": [ 78.5334413, 17.428182 ] } },
{ "type": "Feature", "properties": { "element": "node", "id": 8386525202 }, "geometry": { "type": "Point", "coordinates": [ 78.4628956, 17.4971052 ] } },
{ "type": "Feature", "properties": { "element": "node", "id": 8386538016 }, "geometry": { "type": "Point", "coordinates": [ 78.3244754, 17.4954276 ] } },
{ "type": "Feature", "properties": { "element": "node", "id": 8386539547 }, "geometry": { "type": "Point", "coordinates": [ 78.4635424, 17.4930291 ] } },
{ "type": "Feature", "properties": { "element": "node", "id": 8386577634 }, "geometry": { "type": "Point", "coordinates": [ 78.4385741, 17.5379838 ] } },
{ "type": "Feature", "properties": { "element": "node", "id": 8386577635 }, "geometry": { "type": "Point", "coordinates": [ 78.4386962, 17.536236 ] } },
{ "type": "Feature", "properties": { "element": "node", "id": 8386601183 }, "geometry": { "type": "Point", "coordinates": [ 78.3339391, 17.4912635 ] } },
{ "type": "Feature", "properties": { "element": "node", "id": 8386603390 }, "geometry": { "type": "Point", "coordinates": [ 78.4602771, 17.4362602 ] } },
{ "type": "Feature", "properties": { "element": "node", "id": 8386636997 }, "geometry": { "type": "Point", "coordinates": [ 78.334498, 17.4915601 ] } },
{ "type": "Feature", "properties": { "element": "node", "id": 8386662024 }, "geometry": { "type": "Point", "coordinates": [ 78.4557313, 17.4890009 ] } },
{ "type": "Feature", "properties": { "element": "node", "id": 8386662025 }, "geometry": { "type": "Point", "coordinates": [ 78.4575508, 17.4897485 ] } },
{ "type": "Feature", "properties": { "element": "node", "id": 8386689518 }, "geometry": { "type": "Point", "coordinates": [ 78.5095242, 17.354052 ] } },
{ "type": "Feature", "properties": { "element": "node", "id": 8386696887 }, "geometry": { "type": "Point", "coordinates": [ 78.5644031, 17.4435951 ] } },
{ "type": "Feature", "properties": { "element": "node", "id": 8386696888 }, "geometry": { "type": "Point", "coordinates": [ 78.5654201, 17.4432797 ] } },
{ "type": "Feature", "properties": { "element": "node", "id": 8386760066 }, "geometry": { "type": "Point", "coordinates": [ 78.5863887, 17.4092966 ] } },
{ "type": "Feature", "properties": { "element": "node", "id": 8387157874 }, "geometry": { "type": "Point", "coordinates": [ 78.5206142, 17.4182235 ] } },
{ "type": "Feature", "properties": { "element": "node", "id": 8387157878 }, "geometry": { "type": "Point", "coordinates": [ 78.5446698, 17.4234284 ] } },
{ "type": "Feature", "properties": { "element": "node", "id": 8387157879 }, "geometry": { "type": "Point", "coordinates": [ 78.5443686, 17.4240443 ] } },
{ "type": "Feature", "properties": { "element": "node", "id": 8387539872 }, "geometry": { "type": "Point", "coordinates": [ 78.461583600000012, 17.357889 ] } },
{ "type": "Feature", "properties": { "element": "node", "id": 8389425003 }, "geometry": { "type": "Point", "coordinates": [ 78.4131063, 17.4825333 ] } },
{ "type": "Feature", "properties": { "element": "node", "id": 8389425004 }, "geometry": { "type": "Point", "coordinates": [ 78.4128695, 17.4828497 ] } },
{ "type": "Feature", "properties": { "element": "node", "id": 8389425005 }, "geometry": { "type": "Point", "coordinates": [ 78.4772272, 17.4599288 ] } },
{ "type": "Feature", "properties": { "element": "node", "id": 8389531336 }, "geometry": { "type": "Point", "coordinates": [ 78.5277647, 17.3218207 ] } },
{ "type": "Feature", "properties": { "element": "node", "id": 8414541550 }, "geometry": { "type": "Point", "coordinates": [ 78.4845482, 17.5034419 ] } },
{ "type": "Feature", "properties": { "element": "node", "id": 8707260790 }, "geometry": { "type": "Point", "coordinates": [ 78.3727889, 17.4020111 ] } },
{ "type": "Feature", "properties": { "element": "node", "id": 8866621215 }, "geometry": { "type": "Point", "coordinates": [ 78.514414700000017, 17.3723374 ] } },
{ "type": "Feature", "properties": { "element": "node", "id": 8891813179 }, "geometry": { "type": "Point", "coordinates": [ 78.4358526, 17.4322005 ] } },
{ "type": "Feature", "properties": { "element": "node", "id": 8891813182 }, "geometry": { "type": "Point", "coordinates": [ 78.4367135, 17.4335295 ] } },
{ "type": "Feature", "properties": { "element": "node", "id": 8891813191 }, "geometry": { "type": "Point", "coordinates": [ 78.4455624, 17.4335454 ] } },
{ "type": "Feature", "properties": { "element": "node", "id": 8892679284 }, "geometry": { "type": "Point", "coordinates": [ 78.424145600000017, 17.4552127 ] } },
{ "type": "Feature", "properties": { "element": "node", "id": 8909248534 }, "geometry": { "type": "Point", "coordinates": [ 78.4310812, 17.4461906 ] } },
{ "type": "Feature", "properties": { "element": "node", "id": 8909248549 }, "geometry": { "type": "Point", "coordinates": [ 78.4304897, 17.4467489 ] } },
{ "type": "Feature", "properties": { "element": "node", "id": 8911008864 }, "geometry": { "type": "Point", "coordinates": [ 78.5105136, 17.3892953 ] } },
{ "type": "Feature", "properties": { "element": "node", "id": 8947827817 }, "geometry": { "type": "Point", "coordinates": [ 78.6013911, 17.4914296 ] } },
{ "type": "Feature", "properties": { "element": "node", "id": 9034953268 }, "geometry": { "type": "Point", "coordinates": [ 78.5536369, 17.4092904 ] } },
{ "type": "Feature", "properties": { "element": "node", "id": 9094232220 }, "geometry": { "type": "Point", "coordinates": [ 78.4437773, 17.4426737 ] } },
{ "type": "Feature", "properties": { "element": "node", "id": 9094249117 }, "geometry": { "type": "Point", "coordinates": [ 78.4437506, 17.4423913 ] } },
{ "type": "Feature", "properties": { "element": "node", "id": 9094260817 }, "geometry": { "type": "Point", "coordinates": [ 78.443616700000021, 17.4427025 ] } },
{ "type": "Feature", "properties": { "element": "node", "id": 9094267217 }, "geometry": { "type": "Point", "coordinates": [ 78.44277, 17.4428315 ] } },
{ "type": "Feature", "properties": { "element": "node", "id": 9131094943 }, "geometry": { "type": "Point", "coordinates": [ 78.5051143, 17.4558871 ] } },
{ "type": "Feature", "properties": { "element": "node", "id": 9605300296 }, "geometry": { "type": "Point", "coordinates": [ 78.3154653, 17.4871306 ] } },
{ "type": "Feature", "properties": { "element": "node", "id": 9605387513 }, "geometry": { "type": "Point", "coordinates": [ 78.3165807, 17.4881418 ] } },
{ "type": "Feature", "properties": { "element": "node", "id": 9605389617 }, "geometry": { "type": "Point", "coordinates": [ 78.3208112, 17.4945417 ] } },
{ "type": "Feature", "properties": { "element": "node", "id": 9679094420 }, "geometry": { "type": "Point", "coordinates": [ 78.6084753, 17.4303963 ] } },
{ "type": "Feature", "properties": { "element": "node", "id": 9679094425 }, "geometry": { "type": "Point", "coordinates": [ 78.6086034, 17.4313047 ] } },
{ "type": "Feature", "properties": { "element": "node", "id": 9679249343 }, "geometry": { "type": "Point", "coordinates": [ 78.5176108, 17.4161166 ] } },
{ "type": "Feature", "properties": { "element": "node", "id": 9679249350 }, "geometry": { "type": "Point", "coordinates": [ 78.5172525, 17.4221696 ] } },
{ "type": "Feature", "properties": { "element": "node", "id": 9681804502 }, "geometry": { "type": "Point", "coordinates": [ 78.5178193, 17.4078593 ] } },
{ "type": "Feature", "properties": { "element": "node", "id": 9681852896 }, "geometry": { "type": "Point", "coordinates": [ 78.5178157, 17.4078353 ] } },
{ "type": "Feature", "properties": { "element": "node", "id": 9708831093 }, "geometry": { "type": "Point", "coordinates": [ 78.5363275, 17.3975114 ] } },
{ "type": "Feature", "properties": { "element": "node", "id": 9708831094 }, "geometry": { "type": "Point", "coordinates": [ 78.5364406, 17.3971773 ] } },
{ "type": "Feature", "properties": { "element": "node", "id": 9708882625 }, "geometry": { "type": "Point", "coordinates": [ 78.508804400000017, 17.3485722 ] } },
{ "type": "Feature", "properties": { "element": "node", "id": 9713101785 }, "geometry": { "type": "Point", "coordinates": [ 78.3326889, 17.4398892 ] } },
{ "type": "Feature", "properties": { "element": "node", "id": 9713299968 }, "geometry": { "type": "Point", "coordinates": [ 78.3176848, 17.4862742 ] } },
{ "type": "Feature", "properties": { "element": "node", "id": 9729514460 }, "geometry": { "type": "Point", "coordinates": [ 78.4201827, 17.5018342 ] } },
{ "type": "Feature", "properties": { "element": "node", "id": 9729514477 }, "geometry": { "type": "Point", "coordinates": [ 78.4198627, 17.4999079 ] } },
{ "type": "Feature", "properties": { "element": "node", "id": 9729514478 }, "geometry": { "type": "Point", "coordinates": [ 78.4194064, 17.4993906 ] } },
{ "type": "Feature", "properties": { "element": "node", "id": 9821760031 }, "geometry": { "type": "Point", "coordinates": [ 78.5023071, 17.5131429 ] } },
{ "type": "Feature", "properties": { "element": "node", "id": 9885051455 }, "geometry": { "type": "Point", "coordinates": [ 78.4882815, 17.3758779 ] } },
{ "type": "Feature", "properties": { "element": "node", "id": 9885051475 }, "geometry": { "type": "Point", "coordinates": [ 78.486380100000019, 17.3773268 ] } },
{ "type": "Feature", "properties": { "element": "node", "id": 9887230591 }, "geometry": { "type": "Point", "coordinates": [ 78.4155109, 17.4811403 ] } },
{ "type": "Feature", "properties": { "element": "node", "id": 9887289837 }, "geometry": { "type": "Point", "coordinates": [ 78.3778869, 17.51922 ] } },
{ "type": "Feature", "properties": { "element": "node", "id": 9887289844 }, "geometry": { "type": "Point", "coordinates": [ 78.3702583, 17.5263265 ] } },
{ "type": "Feature", "properties": { "element": "node", "id": 9887289851 }, "geometry": { "type": "Point", "coordinates": [ 78.3683475, 17.5276749 ] } },
{ "type": "Feature", "properties": { "element": "node", "id": 9887289856 }, "geometry": { "type": "Point", "coordinates": [ 78.3583886, 17.5245852 ] } },
{ "type": "Feature", "properties": { "element": "node", "id": 9903766083 }, "geometry": { "type": "Point", "coordinates": [ 78.4321214, 17.5202442 ] } },
{ "type": "Feature", "properties": { "element": "node", "id": 9903766092 }, "geometry": { "type": "Point", "coordinates": [ 78.4351629, 17.5179644 ] } },
{ "type": "Feature", "properties": { "element": "node", "id": 9903766095 }, "geometry": { "type": "Point", "coordinates": [ 78.4355488, 17.5196726 ] } },
{ "type": "Feature", "properties": { "element": "node", "id": 9903794542 }, "geometry": { "type": "Point", "coordinates": [ 78.4350569, 17.5147227 ] } },
{ "type": "Feature", "properties": { "element": "node", "id": 9913821024 }, "geometry": { "type": "Point", "coordinates": [ 78.448087300000012, 17.3988385 ] } },
{ "type": "Feature", "properties": { "element": "node", "id": 9913821027 }, "geometry": { "type": "Point", "coordinates": [ 78.4421423, 17.3934062 ] } },
{ "type": "Feature", "properties": { "element": "node", "id": 9913821065 }, "geometry": { "type": "Point", "coordinates": [ 78.4369801, 17.3781457 ] } },
{ "type": "Feature", "properties": { "element": "node", "id": 9913821067 }, "geometry": { "type": "Point", "coordinates": [ 78.4394986, 17.3802769 ] } },
{ "type": "Feature", "properties": { "element": "node", "id": 9961075980 }, "geometry": { "type": "Point", "coordinates": [ 78.4094032, 17.3262463 ] } },
{ "type": "Feature", "properties": { "element": "node", "id": 10019985224 }, "geometry": { "type": "Point", "coordinates": [ 78.4231754, 17.3697332 ] } },
{ "type": "Feature", "properties": { "element": "node", "id": 10020074718 }, "geometry": { "type": "Point", "coordinates": [ 78.4518668, 17.3739106 ] } },
{ "type": "Feature", "properties": { "element": "node", "id": 10075681247 }, "geometry": { "type": "Point", "coordinates": [ 78.4868622, 17.3302879 ] } },
{ "type": "Feature", "properties": { "element": "node", "id": 10171040905 }, "geometry": { "type": "Point", "coordinates": [ 78.5542394, 17.3272568 ] } },
{ "type": "Feature", "properties": { "element": "node", "id": 10262083109 }, "geometry": { "type": "Point", "coordinates": [ 78.5355881, 17.4490197 ] } },
{ "type": "Feature", "properties": { "element": "node", "id": 10277936648 }, "geometry": { "type": "Point", "coordinates": [ 78.4396489, 17.3063269 ] } },
{ "type": "Feature", "properties": { "element": "node", "id": 10279304203 }, "geometry": { "type": "Point", "coordinates": [ 78.4439258, 17.3626729 ] } },
{ "type": "Feature", "properties": { "element": "node", "id": 10279481517 }, "geometry": { "type": "Point", "coordinates": [ 78.4415722, 17.3597495 ] } },
{ "type": "Feature", "properties": { "element": "node", "id": 10279481519 }, "geometry": { "type": "Point", "coordinates": [ 78.4419501, 17.3616764 ] } },
{ "type": "Feature", "properties": { "element": "node", "id": 10279635962 }, "geometry": { "type": "Point", "coordinates": [ 78.527688800000021, 17.3678395 ] } },
{ "type": "Feature", "properties": { "element": "node", "id": 10764939253 }, "geometry": { "type": "Point", "coordinates": [ 78.4480818, 17.3779976 ] } },
{ "type": "Feature", "properties": { "element": "node", "id": 10764939266 }, "geometry": { "type": "Point", "coordinates": [ 78.4489018, 17.3748745 ] } },
{ "type": "Feature", "properties": { "element": "node", "id": 10764957371 }, "geometry": { "type": "Point", "coordinates": [ 78.443438, 17.5154432 ] } },
{ "type": "Feature", "properties": { "element": "node", "id": 10818048798 }, "geometry": { "type": "Point", "coordinates": [ 78.5168434, 17.3514466 ] } },
{ "type": "Feature", "properties": { "element": "node", "id": 10823515049 }, "geometry": { "type": "Point", "coordinates": [ 78.5574399, 17.3550826 ] } },
{ "type": "Feature", "properties": { "element": "node", "id": 10836262027 }, "geometry": { "type": "Point", "coordinates": [ 78.438844, 17.3780049 ] } },
{ "type": "Feature", "properties": { "element": "node", "id": 10836262034 }, "geometry": { "type": "Point", "coordinates": [ 78.4397296, 17.3803567 ] } },
{ "type": "Feature", "properties": { "element": "node", "id": 10959100988 }, "geometry": { "type": "Point", "coordinates": [ 78.5725688, 17.4426793 ] } },
{ "type": "Feature", "properties": { "element": "node", "id": 10960829110 }, "geometry": { "type": "Point", "coordinates": [ 78.5694417, 17.4444167 ] } },
{ "type": "Feature", "properties": { "element": "node", "id": 11009821053 }, "geometry": { "type": "Point", "coordinates": [ 78.5598827, 17.3500344 ] } },
{ "type": "Feature", "properties": { "element": "node", "id": 11082456140 }, "geometry": { "type": "Point", "coordinates": [ 78.4090537, 17.4569367 ] } },
{ "type": "Feature", "properties": { "element": "node", "id": 11082456175 }, "geometry": { "type": "Point", "coordinates": [ 78.4102699, 17.455937 ] } },
{ "type": "Feature", "properties": { "element": "node", "id": 11082456195 }, "geometry": { "type": "Point", "coordinates": [ 78.4087256, 17.454948 ] } },
{ "type": "Feature", "properties": { "element": "node", "id": 11085045676 }, "geometry": { "type": "Point", "coordinates": [ 78.54290180000001, 17.4189412 ] } },
{ "type": "Feature", "properties": { "element": "node", "id": 11098927905 }, "geometry": { "type": "Point", "coordinates": [ 78.5366562, 17.3927523 ] } },
{ "type": "Feature", "properties": { "element": "node", "id": 11099726105 }, "geometry": { "type": "Point", "coordinates": [ 78.5337806, 17.3944089 ] } },
{ "type": "Feature", "properties": { "element": "node", "id": 11361075611 }, "geometry": { "type": "Point", "coordinates": [ 78.385073600000013, 17.49464 ] } },
{ "type": "Feature", "properties": { "element": "node", "id": 11365536232 }, "geometry": { "type": "Point", "coordinates": [ 78.4696002, 17.3403461 ] } },
{ "type": "Feature", "properties": { "element": "node", "id": 11365536259 }, "geometry": { "type": "Point", "coordinates": [ 78.4731667, 17.3400659 ] } },
{ "type": "Feature", "properties": { "element": "node", "id": 11365628296 }, "geometry": { "type": "Point", "coordinates": [ 78.4737816, 17.3371624 ] } },
{ "type": "Feature", "properties": { "element": "node", "id": 11365804003 }, "geometry": { "type": "Point", "coordinates": [ 78.4735935, 17.3399877 ] } },
{ "type": "Feature", "properties": { "element": "node", "id": 11485649083 }, "geometry": { "type": "Point", "coordinates": [ 78.2985339, 17.5153623 ] } },
{ "type": "Feature", "properties": { "element": "node", "id": 11507874262 }, "geometry": { "type": "Point", "coordinates": [ 78.4744401, 17.5416446 ] } },
{ "type": "Feature", "properties": { "element": "node", "id": 11690468802 }, "geometry": { "type": "Point", "coordinates": [ 78.5981505, 17.3180653 ] } },
{ "type": "Feature", "properties": { "element": "node", "id": 11690757386 }, "geometry": { "type": "Point", "coordinates": [ 78.5438557, 17.3585027 ] } },
{ "type": "Feature", "properties": { "element": "node", "id": 12245832501 }, "geometry": { "type": "Point", "coordinates": [ 78.455121, 17.3934767 ] } },
{ "type": "Feature", "properties": { "element": "node", "id": 12245832601 }, "geometry": { "type": "Point", "coordinates": [ 78.483112, 17.3799762 ] } },
{ "type": "Feature", "properties": { "element": "node", "id": 12410036501 }, "geometry": { "type": "Point", "coordinates": [ 78.4490358, 17.4375367 ] } },
{ "type": "Feature", "properties": { "element": "node", "id": 12410904323 }, "geometry": { "type": "Point", "coordinates": [ 78.4062417, 17.5112388 ] } },
{ "type": "Feature", "properties": { "element": "node", "id": 12413100580 }, "geometry": { "type": "Point", "coordinates": [ 78.4047193, 17.4936 ] } },
{ "type": "Feature", "properties": { "element": "node", "id": 12462528076 }, "geometry": { "type": "Point", "coordinates": [ 78.5097781, 17.3925703 ] } },
{ "type": "Feature", "properties": { "element": "node", "id": 12593994801 }, "geometry": { "type": "Point", "coordinates": [ 78.5537555, 17.4374845 ] } },
{ "type": "Feature", "properties": { "element": "node", "id": 12593997001 }, "geometry": { "type": "Point", "coordinates": [ 78.4236014, 17.5309797 ] } },
{ "type": "Feature", "properties": { "element": "node", "id": 12593999001 }, "geometry": { "type": "Point", "coordinates": [ 78.4246653, 17.5291439 ] } },
{ "type": "Feature", "properties": { "element": "node", "id": 12596325982 }, "geometry": { "type": "Point", "coordinates": [ 78.336587800000018, 17.4941991 ] } },
{ "type": "Feature", "properties": { "element": "node", "id": 12596331431 }, "geometry": { "type": "Point", "coordinates": [ 78.4133842, 17.482439 ] } },
{ "type": "Feature", "properties": { "element": "node", "id": 12596347522 }, "geometry": { "type": "Point", "coordinates": [ 78.3859702, 17.539911 ] } },
{ "type": "Feature", "properties": { "element": "node", "id": 12596383259 }, "geometry": { "type": "Point", "coordinates": [ 78.3925356, 17.4954642 ] } },
{ "type": "Feature", "properties": { "element": "node", "id": 12596383312 }, "geometry": { "type": "Point", "coordinates": [ 78.3660303, 17.520239 ] } },
{ "type": "Feature", "properties": { "element": "node", "id": 12603721115 }, "geometry": { "type": "Point", "coordinates": [ 78.4235992, 17.5309792 ] } },
{ "type": "Feature", "properties": { "element": "node", "id": 13022908099 }, "geometry": { "type": "Point", "coordinates": [ 78.2854753, 17.4525847 ] } },
{ "type": "Feature", "properties": { "element": "node", "id": 13049397603 }, "geometry": { "type": "Point", "coordinates": [ 78.2674509, 17.4335228 ] } },
{ "type": "Feature", "properties": { "element": "node", "id": 13074461001 }, "geometry": { "type": "Point", "coordinates": [ 78.3586426, 17.5211202 ] } },
{ "type": "Feature", "properties": { "element": "relation", "id": 3950843 }, "geometry": { "type": "Point", "coordinates": [ 78.48923780427755, 17.440411161809127 ] } },
{ "type": "Feature", "properties": { "element": "relation", "id": 5310612 }, "geometry": { "type": "Point", "coordinates": [ 78.45313086898787, 17.557815500477833 ] } },
{ "type": "Feature", "properties": { "element": "relation", "id": 5310613 }, "geometry": { "type": "Point", "coordinates": [ 78.453974050137859, 17.557501007414402 ] } },
{ "type": "Feature", "properties": { "element": "relation", "id": 5310615 }, "geometry": { "type": "Point", "coordinates": [ 78.447471941042764, 17.560262122644748 ] } },
{ "type": "Feature", "properties": { "element": "relation", "id": 5311041 }, "geometry": { "type": "Point", "coordinates": [ 78.387391137720499, 17.501733268649151 ] } },
{ "type": "Feature", "properties": { "element": "relation", "id": 5317950 }, "geometry": { "type": "Point", "coordinates": [ 78.365446278884079, 17.425380575275781 ] } },
{ "type": "Feature", "properties": { "element": "relation", "id": 5327646 }, "geometry": { "type": "Point", "coordinates": [ 78.603971885135721, 17.391622572489482 ] } },
{ "type": "Feature", "properties": { "element": "relation", "id": 5329440 }, "geometry": { "type": "Point", "coordinates": [ 78.518670142587808, 17.406618116432746 ] } },
{ "type": "Feature", "properties": { "element": "relation", "id": 5333682 }, "geometry": { "type": "Point", "coordinates": [ 78.383504794192447, 17.449492205525264 ] } },
{ "type": "Feature", "properties": { "element": "relation", "id": 5363520 }, "geometry": { "type": "Point", "coordinates": [ 78.33046157611723, 17.452990745932567 ] } },
{ "type": "Feature", "properties": { "element": "relation", "id": 6170913 }, "geometry": { "type": "Point", "coordinates": [ 78.330965428677644, 17.453954021905332 ] } },
{ "type": "Feature", "properties": { "element": "relation", "id": 6204403 }, "geometry": { "type": "Point", "coordinates": [ 78.392519586440187, 17.493707971099159 ] } },
{ "type": "Feature", "properties": { "element": "relation", "id": 8402444 }, "geometry": { "type": "Point", "coordinates": [ 78.590284158930075, 17.415560949170601 ] } },
{ "type": "Feature", "properties": { "element": "relation", "id": 10429489 }, "geometry": { "type": "Point", "coordinates": [ 78.483282147653384, 17.382331361648877 ] } },
{ "type": "Feature", "properties": { "element": "relation", "id": 11719542 }, "geometry": { "type": "Point", "coordinates": [ 78.363569000082194, 17.425178301923729 ] } },
{ "type": "Feature", "properties": { "element": "relation", "id": 11952700 }, "geometry": { "type": "Point", "coordinates": [ 78.366777291138675, 17.520578259640786 ] } },
{ "type": "Feature", "properties": { "element": "relation", "id": 11965593 }, "geometry": { "type": "Point", "coordinates": [ 78.311764956863584, 17.444454470042821 ] } },
{ "type": "Feature", "properties": { "element": "relation", "id": 11965602 }, "geometry": { "type": "Point", "coordinates": [ 78.315077314446825, 17.456176751126556 ] } },
{ "type": "Feature", "properties": { "element": "way", "id": 29252418 }, "geometry": { "type": "Point", "coordinates": [ 78.456733462022186, 17.445707294124393 ] } },
{ "type": "Feature", "properties": { "element": "way", "id": 31355320 }, "geometry": { "type": "Point", "coordinates": [ 78.348410444210927, 17.445212926566107 ] } },
{ "type": "Feature", "properties": { "element": "way", "id": 71931212 }, "geometry": { "type": "Point", "coordinates": [ 78.483456776023829, 17.486264368935007 ] } },
{ "type": "Feature", "properties": { "element": "way", "id": 71932256 }, "geometry": { "type": "Point", "coordinates": [ 78.496166870323592, 17.439653084409638 ] } },
{ "type": "Feature", "properties": { "element": "way", "id": 75097506 }, "geometry": { "type": "Point", "coordinates": [ 78.503865928389175, 17.438596817187968 ] } },
{ "type": "Feature", "properties": { "element": "way", "id": 75104834 }, "geometry": { "type": "Point", "coordinates": [ 78.491396564999349, 17.464792726075391 ] } },
{ "type": "Feature", "properties": { "element": "way", "id": 75723547 }, "geometry": { "type": "Point", "coordinates": [ 78.585871042101957, 17.479637812436099 ] } },
{ "type": "Feature", "properties": { "element": "way", "id": 84087867 }, "geometry": { "type": "Point", "coordinates": [ 78.625760044999424, 17.33945074664021 ] } },
{ "type": "Feature", "properties": { "element": "way", "id": 90554385 }, "geometry": { "type": "Point", "coordinates": [ 78.468535581988661, 17.460912813081375 ] } },
{ "type": "Feature", "properties": { "element": "way", "id": 98773172 }, "geometry": { "type": "Point", "coordinates": [ 78.458764970591915, 17.462414983083171 ] } },
{ "type": "Feature", "properties": { "element": "way", "id": 105728936 }, "geometry": { "type": "Point", "coordinates": [ 78.476327983933174, 17.398871270060429 ] } },
{ "type": "Feature", "properties": { "element": "way", "id": 112653544 }, "geometry": { "type": "Point", "coordinates": [ 78.480062838543546, 17.465348492053913 ] } },
{ "type": "Feature", "properties": { "element": "way", "id": 112653929 }, "geometry": { "type": "Point", "coordinates": [ 78.458550172345369, 17.464845374494431 ] } },
{ "type": "Feature", "properties": { "element": "way", "id": 116017014 }, "geometry": { "type": "Point", "coordinates": [ 78.469999305174369, 17.406952396078207 ] } },
{ "type": "Feature", "properties": { "element": "way", "id": 121543671 }, "geometry": { "type": "Point", "coordinates": [ 78.526302454333958, 17.419200677108158 ] } },
{ "type": "Feature", "properties": { "element": "way", "id": 121545377 }, "geometry": { "type": "Point", "coordinates": [ 78.525664827201055, 17.415876646849341 ] } },
{ "type": "Feature", "properties": { "element": "way", "id": 121545378 }, "geometry": { "type": "Point", "coordinates": [ 78.525460715189709, 17.417271318891189 ] } },
{ "type": "Feature", "properties": { "element": "way", "id": 121545381 }, "geometry": { "type": "Point", "coordinates": [ 78.523399098495474, 17.410554402056732 ] } },
{ "type": "Feature", "properties": { "element": "way", "id": 121545382 }, "geometry": { "type": "Point", "coordinates": [ 78.523343911211711, 17.419143539748518 ] } },
{ "type": "Feature", "properties": { "element": "way", "id": 122805504 }, "geometry": { "type": "Point", "coordinates": [ 78.37072351960613, 17.438452107852928 ] } },
{ "type": "Feature", "properties": { "element": "way", "id": 129532501 }, "geometry": { "type": "Point", "coordinates": [ 78.413310833395258, 17.484133541329243 ] } },
{ "type": "Feature", "properties": { "element": "way", "id": 131503633 }, "geometry": { "type": "Point", "coordinates": [ 78.486138974724739, 17.394893625611758 ] } },
{ "type": "Feature", "properties": { "element": "way", "id": 136990795 }, "geometry": { "type": "Point", "coordinates": [ 78.509698588556233, 17.44533284807061 ] } },
{ "type": "Feature", "properties": { "element": "way", "id": 136990796 }, "geometry": { "type": "Point", "coordinates": [ 78.507539480305127, 17.445461444434599 ] } },
{ "type": "Feature", "properties": { "element": "way", "id": 158309248 }, "geometry": { "type": "Point", "coordinates": [ 78.384640528411111, 17.53843235272485 ] } },
{ "type": "Feature", "properties": { "element": "way", "id": 158313196 }, "geometry": { "type": "Point", "coordinates": [ 78.383467355541896, 17.541300080017351 ] } },
{ "type": "Feature", "properties": { "element": "way", "id": 158321649 }, "geometry": { "type": "Point", "coordinates": [ 78.386890458955932, 17.538433008407313 ] } },
{ "type": "Feature", "properties": { "element": "way", "id": 158331259 }, "geometry": { "type": "Point", "coordinates": [ 78.335441896851506, 17.497028013978596 ] } },
{ "type": "Feature", "properties": { "element": "way", "id": 159299915 }, "geometry": { "type": "Point", "coordinates": [ 78.339583573758105, 17.433900866137424 ] } },
{ "type": "Feature", "properties": { "element": "way", "id": 159330478 }, "geometry": { "type": "Point", "coordinates": [ 78.593281040571043, 17.361530566849677 ] } },
{ "type": "Feature", "properties": { "element": "way", "id": 176133766 }, "geometry": { "type": "Point", "coordinates": [ 78.489423343137204, 17.457734680632271 ] } },
{ "type": "Feature", "properties": { "element": "way", "id": 182935269 }, "geometry": { "type": "Point", "coordinates": [ 78.481497002498202, 17.401088259640694 ] } },
{ "type": "Feature", "properties": { "element": "way", "id": 183531580 }, "geometry": { "type": "Point", "coordinates": [ 78.534985420667937, 17.430044799094365 ] } },
{ "type": "Feature", "properties": { "element": "way", "id": 184107080 }, "geometry": { "type": "Point", "coordinates": [ 78.539599217907892, 17.441193734272193 ] } },
{ "type": "Feature", "properties": { "element": "way", "id": 186643394 }, "geometry": { "type": "Point", "coordinates": [ 78.370081838704152, 17.469650885343956 ] } },
{ "type": "Feature", "properties": { "element": "way", "id": 189632731 }, "geometry": { "type": "Point", "coordinates": [ 78.385207174704632, 17.511684890578415 ] } },
{ "type": "Feature", "properties": { "element": "way", "id": 190143393 }, "geometry": { "type": "Point", "coordinates": [ 78.385477956885836, 17.539195317972592 ] } },
{ "type": "Feature", "properties": { "element": "way", "id": 221156976 }, "geometry": { "type": "Point", "coordinates": [ 78.349640535853709, 17.468140105183597 ] } },
{ "type": "Feature", "properties": { "element": "way", "id": 232954907 }, "geometry": { "type": "Point", "coordinates": [ 78.561540228018174, 17.37443545708696 ] } },
{ "type": "Feature", "properties": { "element": "way", "id": 232956263 }, "geometry": { "type": "Point", "coordinates": [ 78.594132923560935, 17.354893747549518 ] } },
{ "type": "Feature", "properties": { "element": "way", "id": 232956411 }, "geometry": { "type": "Point", "coordinates": [ 78.534600279355047, 17.368679806797079 ] } },
{ "type": "Feature", "properties": { "element": "way", "id": 232956412 }, "geometry": { "type": "Point", "coordinates": [ 78.534642017171862, 17.368861482553072 ] } },
{ "type": "Feature", "properties": { "element": "way", "id": 232957783 }, "geometry": { "type": "Point", "coordinates": [ 78.530506914010815, 17.368964279713623 ] } },
{ "type": "Feature", "properties": { "element": "way", "id": 233492245 }, "geometry": { "type": "Point", "coordinates": [ 78.446711178054272, 17.442503862542367 ] } },
{ "type": "Feature", "properties": { "element": "way", "id": 233492309 }, "geometry": { "type": "Point", "coordinates": [ 78.480545597560564, 17.318325097336675 ] } },
{ "type": "Feature", "properties": { "element": "way", "id": 234428170 }, "geometry": { "type": "Point", "coordinates": [ 78.445537528322916, 17.439789348136944 ] } },
{ "type": "Feature", "properties": { "element": "way", "id": 238170910 }, "geometry": { "type": "Point", "coordinates": [ 78.495938499849956, 17.416831283093927 ] } },
{ "type": "Feature", "properties": { "element": "way", "id": 238175841 }, "geometry": { "type": "Point", "coordinates": [ 78.492062849995534, 17.417581850003682 ] } },
{ "type": "Feature", "properties": { "element": "way", "id": 238175948 }, "geometry": { "type": "Point", "coordinates": [ 78.493263194922832, 17.420266812293395 ] } },
{ "type": "Feature", "properties": { "element": "way", "id": 238196318 }, "geometry": { "type": "Point", "coordinates": [ 78.499091598103959, 17.391758101830288 ] } },
{ "type": "Feature", "properties": { "element": "way", "id": 238282938 }, "geometry": { "type": "Point", "coordinates": [ 78.509524359414527, 17.401257700171737 ] } },
{ "type": "Feature", "properties": { "element": "way", "id": 238284086 }, "geometry": { "type": "Point", "coordinates": [ 78.469854089324471, 17.36867944455788 ] } },
{ "type": "Feature", "properties": { "element": "way", "id": 238285513 }, "geometry": { "type": "Point", "coordinates": [ 78.486730480003999, 17.382878594526058 ] } },
{ "type": "Feature", "properties": { "element": "way", "id": 246261871 }, "geometry": { "type": "Point", "coordinates": [ 78.402430811065685, 17.31318335348799 ] } },
{ "type": "Feature", "properties": { "element": "way", "id": 250946273 }, "geometry": { "type": "Point", "coordinates": [ 78.445382849977406, 17.442843149972653 ] } },
{ "type": "Feature", "properties": { "element": "way", "id": 252088281 }, "geometry": { "type": "Point", "coordinates": [ 78.523590478771212, 17.425289260523261 ] } },
{ "type": "Feature", "properties": { "element": "way", "id": 252286862 }, "geometry": { "type": "Point", "coordinates": [ 78.533039799363578, 17.427112627209599 ] } },
{ "type": "Feature", "properties": { "element": "way", "id": 252414622 }, "geometry": { "type": "Point", "coordinates": [ 78.561540228018174, 17.37443545708696 ] } },
{ "type": "Feature", "properties": { "element": "way", "id": 252604816 }, "geometry": { "type": "Point", "coordinates": [ 78.571084333991806, 17.379432585374218 ] } },
{ "type": "Feature", "properties": { "element": "way", "id": 253465931 }, "geometry": { "type": "Point", "coordinates": [ 78.571170140565798, 17.401096214261166 ] } },
{ "type": "Feature", "properties": { "element": "way", "id": 256666267 }, "geometry": { "type": "Point", "coordinates": [ 78.528641825435329, 17.392234689998901 ] } },
{ "type": "Feature", "properties": { "element": "way", "id": 256666882 }, "geometry": { "type": "Point", "coordinates": [ 78.527891139305282, 17.39205030536451 ] } },
{ "type": "Feature", "properties": { "element": "way", "id": 256666893 }, "geometry": { "type": "Point", "coordinates": [ 78.527853283771535, 17.391492483046708 ] } },
{ "type": "Feature", "properties": { "element": "way", "id": 259507812 }, "geometry": { "type": "Point", "coordinates": [ 78.564439544317779, 17.402871046620206 ] } },
{ "type": "Feature", "properties": { "element": "way", "id": 259510771 }, "geometry": { "type": "Point", "coordinates": [ 78.570317595346481, 17.403315231022528 ] } },
{ "type": "Feature", "properties": { "element": "way", "id": 264878183 }, "geometry": { "type": "Point", "coordinates": [ 78.39079494748168, 17.500689350074015 ] } },
{ "type": "Feature", "properties": { "element": "way", "id": 264884924 }, "geometry": { "type": "Point", "coordinates": [ 78.307522224741717, 17.500864136842686 ] } },
{ "type": "Feature", "properties": { "element": "way", "id": 265035310 }, "geometry": { "type": "Point", "coordinates": [ 78.528464862611287, 17.363787083967988 ] } },
{ "type": "Feature", "properties": { "element": "way", "id": 265035313 }, "geometry": { "type": "Point", "coordinates": [ 78.527746387908195, 17.363957401819388 ] } },
{ "type": "Feature", "properties": { "element": "way", "id": 265035376 }, "geometry": { "type": "Point", "coordinates": [ 78.526546190633823, 17.364191396791327 ] } },
{ "type": "Feature", "properties": { "element": "way", "id": 265035562 }, "geometry": { "type": "Point", "coordinates": [ 78.531582087435751, 17.364881356198914 ] } },
{ "type": "Feature", "properties": { "element": "way", "id": 265200354 }, "geometry": { "type": "Point", "coordinates": [ 78.302709109236744, 17.500163912696937 ] } },
{ "type": "Feature", "properties": { "element": "way", "id": 265204559 }, "geometry": { "type": "Point", "coordinates": [ 78.302806145993927, 17.49805145091463 ] } },
{ "type": "Feature", "properties": { "element": "way", "id": 265217794 }, "geometry": { "type": "Point", "coordinates": [ 78.398594900040351, 17.497456250112531 ] } },
{ "type": "Feature", "properties": { "element": "way", "id": 265392005 }, "geometry": { "type": "Point", "coordinates": [ 78.402229688478087, 17.40798649099056 ] } },
{ "type": "Feature", "properties": { "element": "way", "id": 265429744 }, "geometry": { "type": "Point", "coordinates": [ 78.486538285931474, 17.439676635646418 ] } },
{ "type": "Feature", "properties": { "element": "way", "id": 265616425 }, "geometry": { "type": "Point", "coordinates": [ 78.425868705961548, 17.448880828642867 ] } },
{ "type": "Feature", "properties": { "element": "way", "id": 274796764 }, "geometry": { "type": "Point", "coordinates": [ 78.481563726856436, 17.442712487147517 ] } },
{ "type": "Feature", "properties": { "element": "way", "id": 277804473 }, "geometry": { "type": "Point", "coordinates": [ 78.32680778647152, 17.454131687270785 ] } },
{ "type": "Feature", "properties": { "element": "way", "id": 277808163 }, "geometry": { "type": "Point", "coordinates": [ 78.394994837794727, 17.432350586563203 ] } },
{ "type": "Feature", "properties": { "element": "way", "id": 280689851 }, "geometry": { "type": "Point", "coordinates": [ 78.478687474311371, 17.409140410744932 ] } },
{ "type": "Feature", "properties": { "element": "way", "id": 281272458 }, "geometry": { "type": "Point", "coordinates": [ 78.466051713268385, 17.360414489149996 ] } },
{ "type": "Feature", "properties": { "element": "way", "id": 281501998 }, "geometry": { "type": "Point", "coordinates": [ 78.474197903788564, 17.39640713048599 ] } },
{ "type": "Feature", "properties": { "element": "way", "id": 287681720 }, "geometry": { "type": "Point", "coordinates": [ 78.559193498464182, 17.400316094592696 ] } },
{ "type": "Feature", "properties": { "element": "way", "id": 288592787 }, "geometry": { "type": "Point", "coordinates": [ 78.492587638068869, 17.442137966648499 ] } },
{ "type": "Feature", "properties": { "element": "way", "id": 291884965 }, "geometry": { "type": "Point", "coordinates": [ 78.289694867553663, 17.503463067895957 ] } },
{ "type": "Feature", "properties": { "element": "way", "id": 292385860 }, "geometry": { "type": "Point", "coordinates": [ 78.425788478734376, 17.453764578795344 ] } },
{ "type": "Feature", "properties": { "element": "way", "id": 297191641 }, "geometry": { "type": "Point", "coordinates": [ 78.350223495057307, 17.512399539697132 ] } },
{ "type": "Feature", "properties": { "element": "way", "id": 297191643 }, "geometry": { "type": "Point", "coordinates": [ 78.349523226124006, 17.512636675007503 ] } },
{ "type": "Feature", "properties": { "element": "way", "id": 297191663 }, "geometry": { "type": "Point", "coordinates": [ 78.353728970629291, 17.497646197750527 ] } },
{ "type": "Feature", "properties": { "element": "way", "id": 311079961 }, "geometry": { "type": "Point", "coordinates": [ 78.410150952536696, 17.437819031998533 ] } },
{ "type": "Feature", "properties": { "element": "way", "id": 318505363 }, "geometry": { "type": "Point", "coordinates": [ 78.46736509772478, 17.407842747750752 ] } },
{ "type": "Feature", "properties": { "element": "way", "id": 318606403 }, "geometry": { "type": "Point", "coordinates": [ 78.464717552329972, 17.410728406547527 ] } },
{ "type": "Feature", "properties": { "element": "way", "id": 324532000 }, "geometry": { "type": "Point", "coordinates": [ 78.478145613732607, 17.395425691315154 ] } },
{ "type": "Feature", "properties": { "element": "way", "id": 331212481 }, "geometry": { "type": "Point", "coordinates": [ 78.378300765124067, 17.467270444957936 ] } },
{ "type": "Feature", "properties": { "element": "way", "id": 331214101 }, "geometry": { "type": "Point", "coordinates": [ 78.392593346528045, 17.444565146377705 ] } },
{ "type": "Feature", "properties": { "element": "way", "id": 331354520 }, "geometry": { "type": "Point", "coordinates": [ 78.522111747436654, 17.398947991251895 ] } },
{ "type": "Feature", "properties": { "element": "way", "id": 331632943 }, "geometry": { "type": "Point", "coordinates": [ 78.564378813527597, 17.472836280103458 ] } },
{ "type": "Feature", "properties": { "element": "way", "id": 331793221 }, "geometry": { "type": "Point", "coordinates": [ 78.414369785643757, 17.497561931752529 ] } },
{ "type": "Feature", "properties": { "element": "way", "id": 331794446 }, "geometry": { "type": "Point", "coordinates": [ 78.410878980679186, 17.484704622561896 ] } },
{ "type": "Feature", "properties": { "element": "way", "id": 331980828 }, "geometry": { "type": "Point", "coordinates": [ 78.416550699549774, 17.494694999694001 ] } },
{ "type": "Feature", "properties": { "element": "way", "id": 332098758 }, "geometry": { "type": "Point", "coordinates": [ 78.374142477912216, 17.517527914810305 ] } },
{ "type": "Feature", "properties": { "element": "way", "id": 339718080 }, "geometry": { "type": "Point", "coordinates": [ 78.366080871385577, 17.461729440202706 ] } },
{ "type": "Feature", "properties": { "element": "way", "id": 339756163 }, "geometry": { "type": "Point", "coordinates": [ 78.305778773734573, 17.500704091654459 ] } },
{ "type": "Feature", "properties": { "element": "way", "id": 339784668 }, "geometry": { "type": "Point", "coordinates": [ 78.301252240855476, 17.495534068763551 ] } },
{ "type": "Feature", "properties": { "element": "way", "id": 339798384 }, "geometry": { "type": "Point", "coordinates": [ 78.300923862157916, 17.482354858965245 ] } },
{ "type": "Feature", "properties": { "element": "way", "id": 339807233 }, "geometry": { "type": "Point", "coordinates": [ 78.309831666881834, 17.49668111783506 ] } },
{ "type": "Feature", "properties": { "element": "way", "id": 340274278 }, "geometry": { "type": "Point", "coordinates": [ 78.369878575564755, 17.489036936925796 ] } },
{ "type": "Feature", "properties": { "element": "way", "id": 341111300 }, "geometry": { "type": "Point", "coordinates": [ 78.305831599631645, 17.489811901198106 ] } },
{ "type": "Feature", "properties": { "element": "way", "id": 341125535 }, "geometry": { "type": "Point", "coordinates": [ 78.285517976661509, 17.482270457661983 ] } },
{ "type": "Feature", "properties": { "element": "way", "id": 342675477 }, "geometry": { "type": "Point", "coordinates": [ 78.34976551405822, 17.417290169906977 ] } },
{ "type": "Feature", "properties": { "element": "way", "id": 343345260 }, "geometry": { "type": "Point", "coordinates": [ 78.536791717608921, 17.402219523992986 ] } },
{ "type": "Feature", "properties": { "element": "way", "id": 343666748 }, "geometry": { "type": "Point", "coordinates": [ 78.387014065956762, 17.503544516873301 ] } },
{ "type": "Feature", "properties": { "element": "way", "id": 344212623 }, "geometry": { "type": "Point", "coordinates": [ 78.391070380624427, 17.491135220672138 ] } },
{ "type": "Feature", "properties": { "element": "way", "id": 346566165 }, "geometry": { "type": "Point", "coordinates": [ 78.519963669219962, 17.515708501164134 ] } },
{ "type": "Feature", "properties": { "element": "way", "id": 355603917 }, "geometry": { "type": "Point", "coordinates": [ 78.453598497983918, 17.557665681842607 ] } },
{ "type": "Feature", "properties": { "element": "way", "id": 355603932 }, "geometry": { "type": "Point", "coordinates": [ 78.443791677624958, 17.562570777256717 ] } },
{ "type": "Feature", "properties": { "element": "way", "id": 355603993 }, "geometry": { "type": "Point", "coordinates": [ 78.453564358308583, 17.558171218737403 ] } },
{ "type": "Feature", "properties": { "element": "way", "id": 355604870 }, "geometry": { "type": "Point", "coordinates": [ 78.452325489298516, 17.558095267010287 ] } },
{ "type": "Feature", "properties": { "element": "way", "id": 355617087 }, "geometry": { "type": "Point", "coordinates": [ 78.452153983409488, 17.55891503241288 ] } },
{ "type": "Feature", "properties": { "element": "way", "id": 355678210 }, "geometry": { "type": "Point", "coordinates": [ 78.3929317746924, 17.498331302480704 ] } },
{ "type": "Feature", "properties": { "element": "way", "id": 355678252 }, "geometry": { "type": "Point", "coordinates": [ 78.388983149955735, 17.500333200066358 ] } },
{ "type": "Feature", "properties": { "element": "way", "id": 355696636 }, "geometry": { "type": "Point", "coordinates": [ 78.369894473670882, 17.526393614720501 ] } },
{ "type": "Feature", "properties": { "element": "way", "id": 355953881 }, "geometry": { "type": "Point", "coordinates": [ 78.320730099746086, 17.483960460181329 ] } },
{ "type": "Feature", "properties": { "element": "way", "id": 356020523 }, "geometry": { "type": "Point", "coordinates": [ 78.471293998371877, 17.466609901899492 ] } },
{ "type": "Feature", "properties": { "element": "way", "id": 356020535 }, "geometry": { "type": "Point", "coordinates": [ 78.472090019227963, 17.465573342009652 ] } },
{ "type": "Feature", "properties": { "element": "way", "id": 356169479 }, "geometry": { "type": "Point", "coordinates": [ 78.567280199945571, 17.472096250010662 ] } },
{ "type": "Feature", "properties": { "element": "way", "id": 356269588 }, "geometry": { "type": "Point", "coordinates": [ 78.441516568066419, 17.535590291931321 ] } },
{ "type": "Feature", "properties": { "element": "way", "id": 356271424 }, "geometry": { "type": "Point", "coordinates": [ 78.415072149873254, 17.413965850464738 ] } },
{ "type": "Feature", "properties": { "element": "way", "id": 356295344 }, "geometry": { "type": "Point", "coordinates": [ 78.440213892036184, 17.452269443208415 ] } },
{ "type": "Feature", "properties": { "element": "way", "id": 356418532 }, "geometry": { "type": "Point", "coordinates": [ 78.49194439720219, 17.45678020358347 ] } },
{ "type": "Feature", "properties": { "element": "way", "id": 356420358 }, "geometry": { "type": "Point", "coordinates": [ 78.580811333337351, 17.428059441656501 ] } },
{ "type": "Feature", "properties": { "element": "way", "id": 356430220 }, "geometry": { "type": "Point", "coordinates": [ 78.569702082419695, 17.474528834721529 ] } },
{ "type": "Feature", "properties": { "element": "way", "id": 356445594 }, "geometry": { "type": "Point", "coordinates": [ 78.443684486838237, 17.515553373590649 ] } },
{ "type": "Feature", "properties": { "element": "way", "id": 356484019 }, "geometry": { "type": "Point", "coordinates": [ 78.464862532513209, 17.384101800791907 ] } },
{ "type": "Feature", "properties": { "element": "way", "id": 356492978 }, "geometry": { "type": "Point", "coordinates": [ 78.44352777371094, 17.515494549765499 ] } },
{ "type": "Feature", "properties": { "element": "way", "id": 356492996 }, "geometry": { "type": "Point", "coordinates": [ 78.443475069550644, 17.515388244545573 ] } },
{ "type": "Feature", "properties": { "element": "way", "id": 356493062 }, "geometry": { "type": "Point", "coordinates": [ 78.443449950000215, 17.51531810000338 ] } },
{ "type": "Feature", "properties": { "element": "way", "id": 356503715 }, "geometry": { "type": "Point", "coordinates": [ 78.465846988934999, 17.38339687424045 ] } },
{ "type": "Feature", "properties": { "element": "way", "id": 356504430 }, "geometry": { "type": "Point", "coordinates": [ 78.412162717211203, 17.456440784238364 ] } },
{ "type": "Feature", "properties": { "element": "way", "id": 356512841 }, "geometry": { "type": "Point", "coordinates": [ 78.367086103496888, 17.383501575213579 ] } },
{ "type": "Feature", "properties": { "element": "way", "id": 356519158 }, "geometry": { "type": "Point", "coordinates": [ 78.595346687864804, 17.400669166847948 ] } },
{ "type": "Feature", "properties": { "element": "way", "id": 356555597 }, "geometry": { "type": "Point", "coordinates": [ 78.456036015205044, 17.393710147108344 ] } },
{ "type": "Feature", "properties": { "element": "way", "id": 356555685 }, "geometry": { "type": "Point", "coordinates": [ 78.454552700012187, 17.395011699993788 ] } },
{ "type": "Feature", "properties": { "element": "way", "id": 356563904 }, "geometry": { "type": "Point", "coordinates": [ 78.518141299995833, 17.358152450102001 ] } },
{ "type": "Feature", "properties": { "element": "way", "id": 357047297 }, "geometry": { "type": "Point", "coordinates": [ 78.464164863620056, 17.44340139100678 ] } },
{ "type": "Feature", "properties": { "element": "way", "id": 357088766 }, "geometry": { "type": "Point", "coordinates": [ 78.498262299998942, 17.43896514999842 ] } },
{ "type": "Feature", "properties": { "element": "way", "id": 357101269 }, "geometry": { "type": "Point", "coordinates": [ 78.485761250812658, 17.446502114473756 ] } },
{ "type": "Feature", "properties": { "element": "way", "id": 357102450 }, "geometry": { "type": "Point", "coordinates": [ 78.493361093505428, 17.398690663781235 ] } },
{ "type": "Feature", "properties": { "element": "way", "id": 357111233 }, "geometry": { "type": "Point", "coordinates": [ 78.529717208913368, 17.361831373886169 ] } },
{ "type": "Feature", "properties": { "element": "way", "id": 357130888 }, "geometry": { "type": "Point", "coordinates": [ 78.490709061094748, 17.396986285350255 ] } },
{ "type": "Feature", "properties": { "element": "way", "id": 357159617 }, "geometry": { "type": "Point", "coordinates": [ 78.611178070305542, 17.317792441353628 ] } },
{ "type": "Feature", "properties": { "element": "way", "id": 357160491 }, "geometry": { "type": "Point", "coordinates": [ 78.584300313208914, 17.411108920844804 ] } },
{ "type": "Feature", "properties": { "element": "way", "id": 357161046 }, "geometry": { "type": "Point", "coordinates": [ 78.528141499997801, 17.361826150010515 ] } },
{ "type": "Feature", "properties": { "element": "way", "id": 357161766 }, "geometry": { "type": "Point", "coordinates": [ 78.473686378618041, 17.396417344725243 ] } },
{ "type": "Feature", "properties": { "element": "way", "id": 357166452 }, "geometry": { "type": "Point", "coordinates": [ 78.527616499999937, 17.369410649988478 ] } },
{ "type": "Feature", "properties": { "element": "way", "id": 357309813 }, "geometry": { "type": "Point", "coordinates": [ 78.52831647120118, 17.410572108039013 ] } },
{ "type": "Feature", "properties": { "element": "way", "id": 357329277 }, "geometry": { "type": "Point", "coordinates": [ 78.455063195376326, 17.306492175285573 ] } },
{ "type": "Feature", "properties": { "element": "way", "id": 357594063 }, "geometry": { "type": "Point", "coordinates": [ 78.530387755538371, 17.363450321828598 ] } },
{ "type": "Feature", "properties": { "element": "way", "id": 357650447 }, "geometry": { "type": "Point", "coordinates": [ 78.542997140955663, 17.39158622888613 ] } },
{ "type": "Feature", "properties": { "element": "way", "id": 358007976 }, "geometry": { "type": "Point", "coordinates": [ 78.535042820376759, 17.361475394449968 ] } },
{ "type": "Feature", "properties": { "element": "way", "id": 359272102 }, "geometry": { "type": "Point", "coordinates": [ 78.392316737691019, 17.527667218696884 ] } },
{ "type": "Feature", "properties": { "element": "way", "id": 360984573 }, "geometry": { "type": "Point", "coordinates": [ 78.496817149998805, 17.4616224499933 ] } },
{ "type": "Feature", "properties": { "element": "way", "id": 360984610 }, "geometry": { "type": "Point", "coordinates": [ 78.497112317010263, 17.440387285858272 ] } },
{ "type": "Feature", "properties": { "element": "way", "id": 362018570 }, "geometry": { "type": "Point", "coordinates": [ 78.454420225839527, 17.383073925392505 ] } },
{ "type": "Feature", "properties": { "element": "way", "id": 368394812 }, "geometry": { "type": "Point", "coordinates": [ 78.314903691292614, 17.504030225547208 ] } },
{ "type": "Feature", "properties": { "element": "way", "id": 378647186 }, "geometry": { "type": "Point", "coordinates": [ 78.41187527920728, 17.322029776369483 ] } },
{ "type": "Feature", "properties": { "element": "way", "id": 386432506 }, "geometry": { "type": "Point", "coordinates": [ 78.554842806100169, 17.440292800748988 ] } },
{ "type": "Feature", "properties": { "element": "way", "id": 413520492 }, "geometry": { "type": "Point", "coordinates": [ 78.493712079509649, 17.43943516425642 ] } },
{ "type": "Feature", "properties": { "element": "way", "id": 413840712 }, "geometry": { "type": "Point", "coordinates": [ 78.484172147094284, 17.410222731018024 ] } },
{ "type": "Feature", "properties": { "element": "way", "id": 417277369 }, "geometry": { "type": "Point", "coordinates": [ 78.434563400011854, 17.448299100056396 ] } },
{ "type": "Feature", "properties": { "element": "way", "id": 437412061 }, "geometry": { "type": "Point", "coordinates": [ 78.409367061925465, 17.419350191842749 ] } },
{ "type": "Feature", "properties": { "element": "way", "id": 461401670 }, "geometry": { "type": "Point", "coordinates": [ 78.455936521287427, 17.4030944436807 ] } },
{ "type": "Feature", "properties": { "element": "way", "id": 466642043 }, "geometry": { "type": "Point", "coordinates": [ 78.537181755521104, 17.330930970041532 ] } },
{ "type": "Feature", "properties": { "element": "way", "id": 466837666 }, "geometry": { "type": "Point", "coordinates": [ 78.481912153968594, 17.442151923172538 ] } },
{ "type": "Feature", "properties": { "element": "way", "id": 469353805 }, "geometry": { "type": "Point", "coordinates": [ 78.346175990012142, 17.516708979069485 ] } },
{ "type": "Feature", "properties": { "element": "way", "id": 475944944 }, "geometry": { "type": "Point", "coordinates": [ 78.572809673018185, 17.543739062761926 ] } },
{ "type": "Feature", "properties": { "element": "way", "id": 480983272 }, "geometry": { "type": "Point", "coordinates": [ 78.515509203933021, 17.368027452128356 ] } },
{ "type": "Feature", "properties": { "element": "way", "id": 493740300 }, "geometry": { "type": "Point", "coordinates": [ 78.391229750530243, 17.492952510942771 ] } },
{ "type": "Feature", "properties": { "element": "way", "id": 515014654 }, "geometry": { "type": "Point", "coordinates": [ 78.384411080448103, 17.340543276616341 ] } },
{ "type": "Feature", "properties": { "element": "way", "id": 520463958 }, "geometry": { "type": "Point", "coordinates": [ 78.30404859242384, 17.468573243342604 ] } },
{ "type": "Feature", "properties": { "element": "way", "id": 547033112 }, "geometry": { "type": "Point", "coordinates": [ 78.369217469500214, 17.427125573201916 ] } },
{ "type": "Feature", "properties": { "element": "way", "id": 550578074 }, "geometry": { "type": "Point", "coordinates": [ 78.383731810873158, 17.337532350118746 ] } },
{ "type": "Feature", "properties": { "element": "way", "id": 558285165 }, "geometry": { "type": "Point", "coordinates": [ 78.36407880975058, 17.435408777308417 ] } },
{ "type": "Feature", "properties": { "element": "way", "id": 576987415 }, "geometry": { "type": "Point", "coordinates": [ 78.589827512121857, 17.395571200175961 ] } },
{ "type": "Feature", "properties": { "element": "way", "id": 576987416 }, "geometry": { "type": "Point", "coordinates": [ 78.587594686121122, 17.396712525825833 ] } },
{ "type": "Feature", "properties": { "element": "way", "id": 576987419 }, "geometry": { "type": "Point", "coordinates": [ 78.594717581617516, 17.393597031335236 ] } },
{ "type": "Feature", "properties": { "element": "way", "id": 584703599 }, "geometry": { "type": "Point", "coordinates": [ 78.530256466013526, 17.363461306733349 ] } },
{ "type": "Feature", "properties": { "element": "way", "id": 596738251 }, "geometry": { "type": "Point", "coordinates": [ 78.398756779977489, 17.521502784988524 ] } },
{ "type": "Feature", "properties": { "element": "way", "id": 616220205 }, "geometry": { "type": "Point", "coordinates": [ 78.579231219955162, 17.331208943251486 ] } },
{ "type": "Feature", "properties": { "element": "way", "id": 627572568 }, "geometry": { "type": "Point", "coordinates": [ 78.336675110574689, 17.494590685279341 ] } },
{ "type": "Feature", "properties": { "element": "way", "id": 627572569 }, "geometry": { "type": "Point", "coordinates": [ 78.336650373199575, 17.494073221971174 ] } },
{ "type": "Feature", "properties": { "element": "way", "id": 635428026 }, "geometry": { "type": "Point", "coordinates": [ 78.409027896830025, 17.419464311249865 ] } },
{ "type": "Feature", "properties": { "element": "way", "id": 635428028 }, "geometry": { "type": "Point", "coordinates": [ 78.410726491152516, 17.418807137999522 ] } },
{ "type": "Feature", "properties": { "element": "way", "id": 642221208 }, "geometry": { "type": "Point", "coordinates": [ 78.398892298255475, 17.434549281557906 ] } },
{ "type": "Feature", "properties": { "element": "way", "id": 647243010 }, "geometry": { "type": "Point", "coordinates": [ 78.440485767607086, 17.4533912307554 ] } },
{ "type": "Feature", "properties": { "element": "way", "id": 694269435 }, "geometry": { "type": "Point", "coordinates": [ 78.590351592729178, 17.416101071804228 ] } },
{ "type": "Feature", "properties": { "element": "way", "id": 694289781 }, "geometry": { "type": "Point", "coordinates": [ 78.582672298981691, 17.40969219897466 ] } },
{ "type": "Feature", "properties": { "element": "way", "id": 694307846 }, "geometry": { "type": "Point", "coordinates": [ 78.58657224169508, 17.426260001508883 ] } },
{ "type": "Feature", "properties": { "element": "way", "id": 699741742 }, "geometry": { "type": "Point", "coordinates": [ 78.567028980830386, 17.422571781979883 ] } },
{ "type": "Feature", "properties": { "element": "way", "id": 699906462 }, "geometry": { "type": "Point", "coordinates": [ 78.565370790706964, 17.419420160158452 ] } },
{ "type": "Feature", "properties": { "element": "way", "id": 700205874 }, "geometry": { "type": "Point", "coordinates": [ 78.583943720283969, 17.415830408539772 ] } },
{ "type": "Feature", "properties": { "element": "way", "id": 704493174 }, "geometry": { "type": "Point", "coordinates": [ 78.338788522799859, 17.506974988130398 ] } },
{ "type": "Feature", "properties": { "element": "way", "id": 705558188 }, "geometry": { "type": "Point", "coordinates": [ 78.564669573610459, 17.421840992618943 ] } },
{ "type": "Feature", "properties": { "element": "way", "id": 722775854 }, "geometry": { "type": "Point", "coordinates": [ 78.509110528291444, 17.353791393383187 ] } },
{ "type": "Feature", "properties": { "element": "way", "id": 732247772 }, "geometry": { "type": "Point", "coordinates": [ 78.499788017490431, 17.400698757210375 ] } },
{ "type": "Feature", "properties": { "element": "way", "id": 732260574 }, "geometry": { "type": "Point", "coordinates": [ 78.439992599998504, 17.550505800005688 ] } },
{ "type": "Feature", "properties": { "element": "way", "id": 733458158 }, "geometry": { "type": "Point", "coordinates": [ 78.518871372860588, 17.426424779501463 ] } },
{ "type": "Feature", "properties": { "element": "way", "id": 737506815 }, "geometry": { "type": "Point", "coordinates": [ 78.455340014412016, 17.307725737106757 ] } },
{ "type": "Feature", "properties": { "element": "way", "id": 737540099 }, "geometry": { "type": "Point", "coordinates": [ 78.452066614259323, 17.372315928101681 ] } },
{ "type": "Feature", "properties": { "element": "way", "id": 737541814 }, "geometry": { "type": "Point", "coordinates": [ 78.477319538994635, 17.392032249789903 ] } },
{ "type": "Feature", "properties": { "element": "way", "id": 737548446 }, "geometry": { "type": "Point", "coordinates": [ 78.443277887900024, 17.427937994908838 ] } },
{ "type": "Feature", "properties": { "element": "way", "id": 737562992 }, "geometry": { "type": "Point", "coordinates": [ 78.494772299956622, 17.393469862308304 ] } },
{ "type": "Feature", "properties": { "element": "way", "id": 737594060 }, "geometry": { "type": "Point", "coordinates": [ 78.532308549960206, 17.430116139894846 ] } },
{ "type": "Feature", "properties": { "element": "way", "id": 737603230 }, "geometry": { "type": "Point", "coordinates": [ 78.443615121422269, 17.427815168588733 ] } },
{ "type": "Feature", "properties": { "element": "way", "id": 737605957 }, "geometry": { "type": "Point", "coordinates": [ 78.46106274854354, 17.409176749866546 ] } },
{ "type": "Feature", "properties": { "element": "way", "id": 737942996 }, "geometry": { "type": "Point", "coordinates": [ 78.533595793851177, 17.367970007008864 ] } },
{ "type": "Feature", "properties": { "element": "way", "id": 737943415 }, "geometry": { "type": "Point", "coordinates": [ 78.533987016225481, 17.366684605441737 ] } },
{ "type": "Feature", "properties": { "element": "way", "id": 738271180 }, "geometry": { "type": "Point", "coordinates": [ 78.390900843171991, 17.488568579063919 ] } },
{ "type": "Feature", "properties": { "element": "way", "id": 738481907 }, "geometry": { "type": "Point", "coordinates": [ 78.47133854620624, 17.541151527036387 ] } },
{ "type": "Feature", "properties": { "element": "way", "id": 740695877 }, "geometry": { "type": "Point", "coordinates": [ 78.534191541769744, 17.397144191869842 ] } },
{ "type": "Feature", "properties": { "element": "way", "id": 740792326 }, "geometry": { "type": "Point", "coordinates": [ 78.387592314436219, 17.449777434094333 ] } },
{ "type": "Feature", "properties": { "element": "way", "id": 740795301 }, "geometry": { "type": "Point", "coordinates": [ 78.551795736019045, 17.429819907104189 ] } },
{ "type": "Feature", "properties": { "element": "way", "id": 751542510 }, "geometry": { "type": "Point", "coordinates": [ 78.391366805266273, 17.449563327079101 ] } },
{ "type": "Feature", "properties": { "element": "way", "id": 751542515 }, "geometry": { "type": "Point", "coordinates": [ 78.397118521990066, 17.433169046248622 ] } },
{ "type": "Feature", "properties": { "element": "way", "id": 769168531 }, "geometry": { "type": "Point", "coordinates": [ 78.387013005479588, 17.522211612076738 ] } },
{ "type": "Feature", "properties": { "element": "way", "id": 776426192 }, "geometry": { "type": "Point", "coordinates": [ 78.260925156277551, 17.531379824679476 ] } },
{ "type": "Feature", "properties": { "element": "way", "id": 776657250 }, "geometry": { "type": "Point", "coordinates": [ 78.546997029845386, 17.345487447821494 ] } },
{ "type": "Feature", "properties": { "element": "way", "id": 776657905 }, "geometry": { "type": "Point", "coordinates": [ 78.507247795955209, 17.413847768227633 ] } },
{ "type": "Feature", "properties": { "element": "way", "id": 776657906 }, "geometry": { "type": "Point", "coordinates": [ 78.506730102718961, 17.413373449836307 ] } },
{ "type": "Feature", "properties": { "element": "way", "id": 776657907 }, "geometry": { "type": "Point", "coordinates": [ 78.506299495777768, 17.413472535327337 ] } },
{ "type": "Feature", "properties": { "element": "way", "id": 776658792 }, "geometry": { "type": "Point", "coordinates": [ 78.368205018508377, 17.341926839695731 ] } },
{ "type": "Feature", "properties": { "element": "way", "id": 781149708 }, "geometry": { "type": "Point", "coordinates": [ 78.397936331563955, 17.360473188717513 ] } },
{ "type": "Feature", "properties": { "element": "way", "id": 787952717 }, "geometry": { "type": "Point", "coordinates": [ 78.393683280276207, 17.345089976535643 ] } },
{ "type": "Feature", "properties": { "element": "way", "id": 787966250 }, "geometry": { "type": "Point", "coordinates": [ 78.391850287852535, 17.336333596533041 ] } },
{ "type": "Feature", "properties": { "element": "way", "id": 788002269 }, "geometry": { "type": "Point", "coordinates": [ 78.381396796646484, 17.330080826077698 ] } },
{ "type": "Feature", "properties": { "element": "way", "id": 790725699 }, "geometry": { "type": "Point", "coordinates": [ 78.378530914040908, 17.355223609694725 ] } },
{ "type": "Feature", "properties": { "element": "way", "id": 790732691 }, "geometry": { "type": "Point", "coordinates": [ 78.387794753164002, 17.367672410228895 ] } },
{ "type": "Feature", "properties": { "element": "way", "id": 790764621 }, "geometry": { "type": "Point", "coordinates": [ 78.383002566606663, 17.380475341186504 ] } },
{ "type": "Feature", "properties": { "element": "way", "id": 790788318 }, "geometry": { "type": "Point", "coordinates": [ 78.370884359993326, 17.369705483337938 ] } },
{ "type": "Feature", "properties": { "element": "way", "id": 790788323 }, "geometry": { "type": "Point", "coordinates": [ 78.38703128243111, 17.368982082261994 ] } },
{ "type": "Feature", "properties": { "element": "way", "id": 790793086 }, "geometry": { "type": "Point", "coordinates": [ 78.391319992870351, 17.365307206958768 ] } },
{ "type": "Feature", "properties": { "element": "way", "id": 790793087 }, "geometry": { "type": "Point", "coordinates": [ 78.391690902882459, 17.365618211528403 ] } },
{ "type": "Feature", "properties": { "element": "way", "id": 790793088 }, "geometry": { "type": "Point", "coordinates": [ 78.391779436031072, 17.36393685508385 ] } },
{ "type": "Feature", "properties": { "element": "way", "id": 797830921 }, "geometry": { "type": "Point", "coordinates": [ 78.484063752455285, 17.382416522768938 ] } },
{ "type": "Feature", "properties": { "element": "way", "id": 797934052 }, "geometry": { "type": "Point", "coordinates": [ 78.454335463048395, 17.494300182494882 ] } },
{ "type": "Feature", "properties": { "element": "way", "id": 805942920 }, "geometry": { "type": "Point", "coordinates": [ 78.518930722745424, 17.476515676946583 ] } },
{ "type": "Feature", "properties": { "element": "way", "id": 815012412 }, "geometry": { "type": "Point", "coordinates": [ 78.366055510036958, 17.495607552175862 ] } },
{ "type": "Feature", "properties": { "element": "way", "id": 835027606 }, "geometry": { "type": "Point", "coordinates": [ 78.54337946457305, 17.471090014032981 ] } },
{ "type": "Feature", "properties": { "element": "way", "id": 835027610 }, "geometry": { "type": "Point", "coordinates": [ 78.54420269860924, 17.463804618598132 ] } },
{ "type": "Feature", "properties": { "element": "way", "id": 845716010 }, "geometry": { "type": "Point", "coordinates": [ 78.393777895351221, 17.520572323384226 ] } },
{ "type": "Feature", "properties": { "element": "way", "id": 851468549 }, "geometry": { "type": "Point", "coordinates": [ 78.389241517493389, 17.53448900061262 ] } },
{ "type": "Feature", "properties": { "element": "way", "id": 851486405 }, "geometry": { "type": "Point", "coordinates": [ 78.401793906060945, 17.546989604236906 ] } },
{ "type": "Feature", "properties": { "element": "way", "id": 851489702 }, "geometry": { "type": "Point", "coordinates": [ 78.400305644017095, 17.55008414175116 ] } },
{ "type": "Feature", "properties": { "element": "way", "id": 852356518 }, "geometry": { "type": "Point", "coordinates": [ 78.395114026454038, 17.557558879658487 ] } },
{ "type": "Feature", "properties": { "element": "way", "id": 852368743 }, "geometry": { "type": "Point", "coordinates": [ 78.398257473928979, 17.55440124346401 ] } },
{ "type": "Feature", "properties": { "element": "way", "id": 852378918 }, "geometry": { "type": "Point", "coordinates": [ 78.393580669712506, 17.528537327294757 ] } },
{ "type": "Feature", "properties": { "element": "way", "id": 852649107 }, "geometry": { "type": "Point", "coordinates": [ 78.389842995423493, 17.550865161295931 ] } },
{ "type": "Feature", "properties": { "element": "way", "id": 852979199 }, "geometry": { "type": "Point", "coordinates": [ 78.384684498116172, 17.44290818452955 ] } },
{ "type": "Feature", "properties": { "element": "way", "id": 852980144 }, "geometry": { "type": "Point", "coordinates": [ 78.394864170314776, 17.429557119330202 ] } },
{ "type": "Feature", "properties": { "element": "way", "id": 852980145 }, "geometry": { "type": "Point", "coordinates": [ 78.395180967452418, 17.430230728479902 ] } },
{ "type": "Feature", "properties": { "element": "way", "id": 853738447 }, "geometry": { "type": "Point", "coordinates": [ 78.400557605698992, 17.556993207283909 ] } },
{ "type": "Feature", "properties": { "element": "way", "id": 856352216 }, "geometry": { "type": "Point", "coordinates": [ 78.371780200671424, 17.417315591357561 ] } },
{ "type": "Feature", "properties": { "element": "way", "id": 859701773 }, "geometry": { "type": "Point", "coordinates": [ 78.495767967429074, 17.452075350982955 ] } },
{ "type": "Feature", "properties": { "element": "way", "id": 860523307 }, "geometry": { "type": "Point", "coordinates": [ 78.422589916048096, 17.427509579971794 ] } },
{ "type": "Feature", "properties": { "element": "way", "id": 865307264 }, "geometry": { "type": "Point", "coordinates": [ 78.392334185984609, 17.53219311131943 ] } },
{ "type": "Feature", "properties": { "element": "way", "id": 867980241 }, "geometry": { "type": "Point", "coordinates": [ 78.40458936747001, 17.320373096068757 ] } },
{ "type": "Feature", "properties": { "element": "way", "id": 872852682 }, "geometry": { "type": "Point", "coordinates": [ 78.398986202168174, 17.525661097080167 ] } },
{ "type": "Feature", "properties": { "element": "way", "id": 872862586 }, "geometry": { "type": "Point", "coordinates": [ 78.394823259789561, 17.51540202446148 ] } },
{ "type": "Feature", "properties": { "element": "way", "id": 872930829 }, "geometry": { "type": "Point", "coordinates": [ 78.36955110914451, 17.488107312801791 ] } },
{ "type": "Feature", "properties": { "element": "way", "id": 873970361 }, "geometry": { "type": "Point", "coordinates": [ 78.351056570277649, 17.441745770497203 ] } },
{ "type": "Feature", "properties": { "element": "way", "id": 874589689 }, "geometry": { "type": "Point", "coordinates": [ 78.559172188061964, 17.399873924273205 ] } },
{ "type": "Feature", "properties": { "element": "way", "id": 874591655 }, "geometry": { "type": "Point", "coordinates": [ 78.557617137062252, 17.404608093944695 ] } },
{ "type": "Feature", "properties": { "element": "way", "id": 874988548 }, "geometry": { "type": "Point", "coordinates": [ 78.559491424972151, 17.404178879144247 ] } },
{ "type": "Feature", "properties": { "element": "way", "id": 878100150 }, "geometry": { "type": "Point", "coordinates": [ 78.35584307983666, 17.514063762574679 ] } },
{ "type": "Feature", "properties": { "element": "way", "id": 879137458 }, "geometry": { "type": "Point", "coordinates": [ 78.319447548218008, 17.48226339783097 ] } },
{ "type": "Feature", "properties": { "element": "way", "id": 879138502 }, "geometry": { "type": "Point", "coordinates": [ 78.32885979928669, 17.474950367240371 ] } },
{ "type": "Feature", "properties": { "element": "way", "id": 879138798 }, "geometry": { "type": "Point", "coordinates": [ 78.332402730721284, 17.473199797757346 ] } },
{ "type": "Feature", "properties": { "element": "way", "id": 879198193 }, "geometry": { "type": "Point", "coordinates": [ 78.34439017706643, 17.464347979523765 ] } },
{ "type": "Feature", "properties": { "element": "way", "id": 879738142 }, "geometry": { "type": "Point", "coordinates": [ 78.306628250456157, 17.511564881693516 ] } },
{ "type": "Feature", "properties": { "element": "way", "id": 880085371 }, "geometry": { "type": "Point", "coordinates": [ 78.35688141608513, 17.49962656486078 ] } },
{ "type": "Feature", "properties": { "element": "way", "id": 880090855 }, "geometry": { "type": "Point", "coordinates": [ 78.415458526672595, 17.502562084435766 ] } },
{ "type": "Feature", "properties": { "element": "way", "id": 881191665 }, "geometry": { "type": "Point", "coordinates": [ 78.558029621926721, 17.405940659161057 ] } },
{ "type": "Feature", "properties": { "element": "way", "id": 881192328 }, "geometry": { "type": "Point", "coordinates": [ 78.562546457929471, 17.406455406195882 ] } },
{ "type": "Feature", "properties": { "element": "way", "id": 883215528 }, "geometry": { "type": "Point", "coordinates": [ 78.367188913407517, 17.493405147035517 ] } },
{ "type": "Feature", "properties": { "element": "way", "id": 885449286 }, "geometry": { "type": "Point", "coordinates": [ 78.505074240902459, 17.368280830603219 ] } },
{ "type": "Feature", "properties": { "element": "way", "id": 893226793 }, "geometry": { "type": "Point", "coordinates": [ 78.384212805469176, 17.453816252251567 ] } },
{ "type": "Feature", "properties": { "element": "way", "id": 896472886 }, "geometry": { "type": "Point", "coordinates": [ 78.4500262000562, 17.491124650245951 ] } },
{ "type": "Feature", "properties": { "element": "way", "id": 899386536 }, "geometry": { "type": "Point", "coordinates": [ 78.432293770511421, 17.539345874648028 ] } },
{ "type": "Feature", "properties": { "element": "way", "id": 899386543 }, "geometry": { "type": "Point", "coordinates": [ 78.435255349934707, 17.543268499910656 ] } },
{ "type": "Feature", "properties": { "element": "way", "id": 899386544 }, "geometry": { "type": "Point", "coordinates": [ 78.437705204453735, 17.541969192874834 ] } },
{ "type": "Feature", "properties": { "element": "way", "id": 902917019 }, "geometry": { "type": "Point", "coordinates": [ 78.510048939581964, 17.422476600546862 ] } },
{ "type": "Feature", "properties": { "element": "way", "id": 902926972 }, "geometry": { "type": "Point", "coordinates": [ 78.340491043262105, 17.491042004667261 ] } },
{ "type": "Feature", "properties": { "element": "way", "id": 902961594 }, "geometry": { "type": "Point", "coordinates": [ 78.346886015088543, 17.498532872070729 ] } },
{ "type": "Feature", "properties": { "element": "way", "id": 903020131 }, "geometry": { "type": "Point", "coordinates": [ 78.544339025915889, 17.4242329073188 ] } },
{ "type": "Feature", "properties": { "element": "way", "id": 921619662 }, "geometry": { "type": "Point", "coordinates": [ 78.493389093945694, 17.446696764961455 ] } },
{ "type": "Feature", "properties": { "element": "way", "id": 929509989 }, "geometry": { "type": "Point", "coordinates": [ 78.389486338063378, 17.529146459463551 ] } },
{ "type": "Feature", "properties": { "element": "way", "id": 940065269 }, "geometry": { "type": "Point", "coordinates": [ 78.372806016653271, 17.403390811126052 ] } },
{ "type": "Feature", "properties": { "element": "way", "id": 1001140161 }, "geometry": { "type": "Point", "coordinates": [ 78.374419968537254, 17.523646733002636 ] } },
{ "type": "Feature", "properties": { "element": "way", "id": 1043717438 }, "geometry": { "type": "Point", "coordinates": [ 78.472067908836564, 17.341313677960105 ] } },
{ "type": "Feature", "properties": { "element": "way", "id": 1051807913 }, "geometry": { "type": "Point", "coordinates": [ 78.533894765617134, 17.490886054291128 ] } },
{ "type": "Feature", "properties": { "element": "way", "id": 1051807914 }, "geometry": { "type": "Point", "coordinates": [ 78.534469901580977, 17.491714325319556 ] } },
{ "type": "Feature", "properties": { "element": "way", "id": 1057075649 }, "geometry": { "type": "Point", "coordinates": [ 78.33268473421127, 17.439892921451658 ] } },
{ "type": "Feature", "properties": { "element": "way", "id": 1058758359 }, "geometry": { "type": "Point", "coordinates": [ 78.590788732844914, 17.32519216543912 ] } },
{ "type": "Feature", "properties": { "element": "way", "id": 1076262688 }, "geometry": { "type": "Point", "coordinates": [ 78.54033838372267, 17.400029117218196 ] } },
{ "type": "Feature", "properties": { "element": "way", "id": 1076262697 }, "geometry": { "type": "Point", "coordinates": [ 78.536787545604298, 17.40223836197567 ] } },
{ "type": "Feature", "properties": { "element": "way", "id": 1082288737 }, "geometry": { "type": "Point", "coordinates": [ 78.471016342063336, 17.467037796486686 ] } },
{ "type": "Feature", "properties": { "element": "way", "id": 1082807841 }, "geometry": { "type": "Point", "coordinates": [ 78.428305099957853, 17.510537666701651 ] } },
{ "type": "Feature", "properties": { "element": "way", "id": 1124048925 }, "geometry": { "type": "Point", "coordinates": [ 78.443938690896971, 17.362650413982408 ] } },
{ "type": "Feature", "properties": { "element": "way", "id": 1124063177 }, "geometry": { "type": "Point", "coordinates": [ 78.441441286161663, 17.359671408436952 ] } },
{ "type": "Feature", "properties": { "element": "way", "id": 1124068127 }, "geometry": { "type": "Point", "coordinates": [ 78.564234282907307, 17.454709971938385 ] } },
{ "type": "Feature", "properties": { "element": "way", "id": 1124070137 }, "geometry": { "type": "Point", "coordinates": [ 78.555888806590076, 17.393873907715601 ] } },
{ "type": "Feature", "properties": { "element": "way", "id": 1124074494 }, "geometry": { "type": "Point", "coordinates": [ 78.526640065964713, 17.326904598484813 ] } },
{ "type": "Feature", "properties": { "element": "way", "id": 1124074506 }, "geometry": { "type": "Point", "coordinates": [ 78.536501911990726, 17.323267943594551 ] } },
{ "type": "Feature", "properties": { "element": "way", "id": 1153111211 }, "geometry": { "type": "Point", "coordinates": [ 78.333202535153418, 17.425750814582972 ] } },
{ "type": "Feature", "properties": { "element": "way", "id": 1157549417 }, "geometry": { "type": "Point", "coordinates": [ 78.448078566161414, 17.377981593686716 ] } },
{ "type": "Feature", "properties": { "element": "way", "id": 1157549420 }, "geometry": { "type": "Point", "coordinates": [ 78.448893025998188, 17.374887902215495 ] } },
{ "type": "Feature", "properties": { "element": "way", "id": 1157556429 }, "geometry": { "type": "Point", "coordinates": [ 78.442653817705448, 17.514249772829022 ] } },
{ "type": "Feature", "properties": { "element": "way", "id": 1157556430 }, "geometry": { "type": "Point", "coordinates": [ 78.442980837676245, 17.514244989335726 ] } },
{ "type": "Feature", "properties": { "element": "way", "id": 1162366803 }, "geometry": { "type": "Point", "coordinates": [ 78.600336216283083, 17.486103276685764 ] } },
{ "type": "Feature", "properties": { "element": "way", "id": 1172957602 }, "geometry": { "type": "Point", "coordinates": [ 78.545403449771371, 17.391418879583419 ] } },
{ "type": "Feature", "properties": { "element": "way", "id": 1212194504 }, "geometry": { "type": "Point", "coordinates": [ 78.297889721658379, 17.433616485011552 ] } },
{ "type": "Feature", "properties": { "element": "way", "id": 1212194516 }, "geometry": { "type": "Point", "coordinates": [ 78.268501106338093, 17.434006129552351 ] } },
{ "type": "Feature", "properties": { "element": "way", "id": 1225570321 }, "geometry": { "type": "Point", "coordinates": [ 78.470488648364025, 17.339573999784502 ] } },
{ "type": "Feature", "properties": { "element": "way", "id": 1225572881 }, "geometry": { "type": "Point", "coordinates": [ 78.474849277897022, 17.342409865634654 ] } },
{ "type": "Feature", "properties": { "element": "way", "id": 1234690798 }, "geometry": { "type": "Point", "coordinates": [ 78.349024547452061, 17.421750305951203 ] } },
{ "type": "Feature", "properties": { "element": "way", "id": 1234969848 }, "geometry": { "type": "Point", "coordinates": [ 78.348165097118439, 17.411554466991593 ] } },
{ "type": "Feature", "properties": { "element": "way", "id": 1257381221 }, "geometry": { "type": "Point", "coordinates": [ 78.445311260924342, 17.490218982911578 ] } },
{ "type": "Feature", "properties": { "element": "way", "id": 1258247709 }, "geometry": { "type": "Point", "coordinates": [ 78.571012525631858, 17.476116144218921 ] } },
{ "type": "Feature", "properties": { "element": "way", "id": 1258248379 }, "geometry": { "type": "Point", "coordinates": [ 78.57098631231942, 17.476560517414001 ] } },
{ "type": "Feature", "properties": { "element": "way", "id": 1292045202 }, "geometry": { "type": "Point", "coordinates": [ 78.289022909024894, 17.469266474558406 ] } },
{ "type": "Feature", "properties": { "element": "way", "id": 1293055730 }, "geometry": { "type": "Point", "coordinates": [ 78.373737407161542, 17.401650413241054 ] } },
{ "type": "Feature", "properties": { "element": "way", "id": 1322945923 }, "geometry": { "type": "Point", "coordinates": [ 78.298422292222355, 17.460182484412194 ] } },
{ "type": "Feature", "properties": { "element": "way", "id": 1392300168 }, "geometry": { "type": "Point", "coordinates": [ 78.475150428399019, 17.501440881609199 ] } },
{ "type": "Feature", "properties": { "element": "way", "id": 1409935219 }, "geometry": { "type": "Point", "coordinates": [ 78.47489226117257, 17.542151796677388 ] } },
{ "type": "Feature", "properties": { "element": "way", "id": 1409986142 }, "geometry": { "type": "Point", "coordinates": [ 78.525764509436712, 17.352910659715292 ] } },
{ "type": "Feature", "properties": { "element": "way", "id": 1413110553 }, "geometry": { "type": "Point", "coordinates": [ 78.536313948109097, 17.323422492407342 ] } },
{ "type": "Feature", "properties": { "element": "way", "id": 1421535233 }, "geometry": { "type": "Point", "coordinates": [ 78.279671510395687, 17.444470750546614 ] } },
{ "type": "Feature", "properties": { "element": "way", "id": 1428334513 }, "geometry": { "type": "Point", "coordinates": [ 78.339048200125831, 17.452283693606994 ] } },
{ "type": "Feature", "properties": { "element": "way", "id": 1428337318 }, "geometry": { "type": "Point", "coordinates": [ 78.339047503878518, 17.45228278908424 ] } }
]
}
